hospitalname,address1,city,hospitaltype,hospitalowner
COOSA VALLEY MEDICAL CENTER,315 W HICKORY ST,SYLACAUGA,Acute Care Hospitals,Voluntary non-profit - Other
UAB HIGHLANDS,1201 11TH AVENUE SOUTH,BIRMINGHAM,Acute Care Hospitals,Government - Hospital District or Authority
BARTLETT REGIONAL HOSPITAL,3260 HOSPITAL DR,JUNEAU,Acute Care Hospitals,Proprietary
SUMMIT HOSPITAL,4401 RIVER CHASE DRIVE,PHENIX CITY,Acute Care Hospitals,Government - State
ATMORE COMMUNITY HOSPITAL,401 MEDICAL PARK DRIVE,ATMORE,Acute Care Hospitals,Government - Hospital District or Authority
YUKON KUSKOKWIM DELTA REG HOSPITAL,PO BOX 287,BETHEL,Acute Care Hospitals,Government - Federal
VA CENTRAL ALABAMA HEALTHCARE SYSTEM - MONTG,215 PERRY HILL ROAD,MONTGOMERY,Acute Care - VA Medical Center,Government Federal
TUSCALOOSA VA MEDICAL CENTER,3701 LOOP ROAD,TUSCALOOSA,Acute Care - VA Medical Center,Government Federal
PIKE COUNTY HOSPITAL,315 E 13TH ST,MURFREESBORO,Acute Care Hospitals,Government - Local
WASHINGTON COUNTY HOSPITAL,649 ST STEPHENS AVENUE HIGHWAY 56,CHATOM,Critical Access Hospitals,Government - Hospital District or Authority
RED BAY HOSPITAL,211 HOSPITAL ROAD,RED BAY,Critical Access Hospitals,Voluntary non-profit - Other
RANDOLPH MEDICAL CENTER,59928 HIGHWAY 22   P O BOX 670,ROANOKE,Critical Access Hospitals,Government - Hospital District or Authority
UNIV OF S AL CHILDREN'S & WOMEN'S HOS,1700 CENTER STREET,MOBILE,Childrens,Government - State
PROVIDENCE ALASKA MEDICAL CENTER,BOX 196604,ANCHORAGE,Acute Care Hospitals,Voluntary non-profit - Private
MAT-SU REGIONAL MEDICAL CENTER,2500 SOUTH WOODWORTH LOOP,PALMER,Acute Care Hospitals,Voluntary non-profit - Private
FAIRBANKS MEMORIAL HOSPITAL,1650 COWLES STREET,FAIRBANKS,Acute Care Hospitals,Voluntary non-profit - Other
ALASKA REGIONAL HOSPITAL,2801 DEBARR ROAD,ANCHORAGE,Acute Care Hospitals,Proprietary
TEMPLE COMMUNITY HOSPITAL,235 N HOOVER ST,LOS ANGELES,Acute Care Hospitals,Proprietary
CENTRAL PENINSULA GENERAL HOSPITAL,250 HOSPITAL PLACE,SOLDOTNA,Acute Care Hospitals,Voluntary non-profit - Other
ALASKA NATIVE MEDICAL CENTER,4315 DIPLOMACY DR,ANCHORAGE,Acute Care Hospitals,Government - Federal
MERCY MEDICAL CENTER MERCED,301 E 13TH ST,MERCED,Acute Care Hospitals,Government - Local
MT EDGECUMBE HOSPITAL,222 TONGASS DR,SITKA,Acute Care Hospitals,Voluntary non-profit - Other
SITKA COMMUNITY HOSPITAL,209 MOLLER DRIVE,SITKA,Critical Access Hospitals,Government - Local
MARYVALE HOSPITAL,5102 WEST CAMPBELL AVENUE,PHOENIX,Acute Care Hospitals,Proprietary
WRANGELL MEDICAL CENTER,310 BENNETT STREET PO BOX 1081,WRANGELL,Critical Access Hospitals,Government - Local
KETCHIKAN GENERAL HOSPITAL,3100 TONGASS AVENUE,KETCHIKAN,Critical Access Hospitals,Voluntary non-profit - Church
SOUTH PENINSULA HOSPITAL,4300 BARTLETT ST,HOMER,Critical Access Hospitals,Government - Local
BANNER GOOD SAMARITAN MEDICAL CENTER,1111 EAST MCDOWELL ROAD,PHOENIX,Acute Care Hospitals,Government - Hospital District or Authority
TUCSON MEDICAL CENTER,5301 EAST GRANT ROAD,TUCSON,Acute Care Hospitals,Voluntary non-profit - Private
VERDE VALLEY MEDICAL CENTER,269 SOUTH CANDY LANE,COTTONWOOD,Acute Care Hospitals,Voluntary non-profit - Other
MATAGORDA REGIONAL MEDICAL CENTER,104 7TH STREET,BAY CITY,Acute Care Hospitals,Government - Hospital District or Authority
CARONDELET ST  MARYS HOSPITAL,1601 WEST ST MARY'S ROAD,TUCSON,Acute Care Hospitals,Proprietary
CARONDELET ST JOSEPHS HOSPITAL,350 NORTH WILMOT ROAD,TUCSON,Acute Care Hospitals,Voluntary non-profit - Church
SCOTTSDALE HEALTHCARE-OSBORN MEDICAL CENTER,7400 EAST OSBORN ROAD,SCOTTSDALE,Acute Care Hospitals,Proprietary
SIERRA VISTA REGIONAL HEALTH CENTER INC,300 EL CAMINO REAL,SIERRA VISTA,Acute Care Hospitals,Voluntary non-profit - Other
ARIZONA HEART HOSPITAL,1930 EAST THOMAS ROAD,PHOENIX,Acute Care Hospitals,Proprietary
MAYO CLINIC HOSPITAL,5777 EAST MAYO BOULEVARD,PHOENIX,Acute Care Hospitals,Voluntary non-profit - Private
GILBERT HOSPITAL,5656 SOUTH POWER ROAD,GILBERT,Acute Care Hospitals,Proprietary
MOUNTAIN VISTA MEDICAL CENTER LP,1301 SOUTH CRISMON ROAD,MESA,Acute Care Hospitals,Proprietary
FISHERMEN'S HOSPITAL,3301 OVERSEAS HWY,MARATHON,Acute Care Hospitals,Proprietary
ARKANSAS HEART HOSPITAL,1701 S SHACKLEFORD RD,LITTLE ROCK,Acute Care Hospitals,Proprietary
ST VINCENT MEDICAL CTR NORTH,2215 WILDWOOD AVENUE,SHERWOOD,Acute Care Hospitals,Voluntary non-profit - Private
BAPTIST HEALTH MED CTR HEBER SPINGS,1800 BYPASS ROAD,HEBER SPRINGS,Critical Access Hospitals,Voluntary non-profit - Private
OZARK HEALTH,2500 HIGHWAY 65 SOUTH,CLINTON,Critical Access Hospitals,Government - Local
UNIV OF CALIFORNIA SAN DIEGO MED CTR,200 WEST ARBOR DRIVE,SAN DIEGO,Acute Care Hospitals,Government - State
SAN GORGONIO MEMORIAL HOSPITAL,600 NORTH HIGHLAND SPRINGS AVENUE,BANNING,Acute Care Hospitals,Government - Hospital District or Authority
MEDICAL CENTER SOUTH ARKANSAS,700 WEST GROVE STREET,EL DORADO,Acute Care Hospitals,Proprietary
YAVAPAI REGIONAL MEDICAL CENTER,1003 WILLOW CREEK ROAD,PRESCOTT,Acute Care Hospitals,Voluntary non-profit - Other
CASA GRANDE REGIONAL MEDICAL CENTER,1800 EAST FLORENCE BOULEVARD,CASA GRANDE,Acute Care Hospitals,Voluntary non-profit - Other
YUMA REGIONAL MEDICAL CENTER,2400 SOUTH AVENUE A,YUMA,Acute Care Hospitals,Voluntary non-profit - Private
JOHN C LINCOLN NORTH MOUNTAIN HOSPITAL,250 EAST DUNLAP AVENUE,PHOENIX,Acute Care Hospitals,Voluntary non-profit - Private
MEDICAL PARK HOSPITAL,2001 SOUTH MAIN STREET,HOPE,Acute Care Hospitals,Proprietary
MARICOPA MEDICAL CENTER,2601 EAST ROOSEVELT STREET,PHOENIX,Acute Care Hospitals,Government - Local
HEALTH CENTRAL,10000 W COLONIAL DR,OCOEE,Acute Care Hospitals,Government - State
FLAGSTAFF MEDICAL CENTER,1200 NORTH BEAVER STREET,FLAGSTAFF,Acute Care Hospitals,Voluntary non-profit - Private
ST JOSEPH'S HOSPITAL AND MEDICAL CENTER,350 WEST THOMAS ROAD,PHOENIX,Acute Care Hospitals,Voluntary non-profit - Church
PLANTATION GENERAL HOSPITAL,401 NW 42ND AVE,PLANTATION,Acute Care Hospitals,Proprietary
PHOENIX BAPTIST HOSPITAL,2000 WEST BETHANY HOME ROAD,PHOENIX,Acute Care Hospitals,Proprietary
PAYSON REGIONAL MEDICAL CENTER,807 SOUTH PONDEROSA DRIVE,PAYSON,Acute Care Hospitals,Voluntary non-profit - Other
CHANDLER REGIONAL MEDICAL CENTER,475 SOUTH DOBSON ROAD,CHANDLER,Acute Care Hospitals,Voluntary non-profit - Other
BANNER BOSWELL MEDICAL CENTER,10401 WEST THUNDERBIRD BOULEVARD,SUN CITY,Acute Care Hospitals,Voluntary non-profit - Other
ST LUKES MEDICAL CENTER,1800 EAST VAN BUREN STREET,PHOENIX,Acute Care Hospitals,Proprietary
WOMEN'S HOSPITAL THE,4199 GATEWAY BLVD,NEWBURGH,Acute Care Hospitals,Proprietary
KINGMAN REGIONAL MEDICAL CENTER,3269 STOCKTON HILL ROAD,KINGMAN,Acute Care Hospitals,Government - Hospital District or Authority
UNIVERSITY MEDICAL CENTER,1501 NORTH CAMPBELL AVENUE,TUCSON,Acute Care Hospitals,Voluntary non-profit - Private
SUMMIT HEALTHCARE REGIONAL MEDICAL CENTER,2200 SHOW LOW LAKE ROAD,SHOW LOW,Acute Care Hospitals,Voluntary non-profit - Private
NEA MEDICAL CENTER,3024 STADIUM BOULEVARD,JONESBORO,Acute Care Hospitals,Proprietary
BANNER DESERT MEDICAL CENTER,1400 SOUTH  DOBSON ROAD,MESA,Acute Care Hospitals,Voluntary non-profit - Private
LA PAZ REGIONAL HOSPITAL,1200 MOHAVE ROAD,PARKER,Acute Care Hospitals,Voluntary non-profit - Other
MT GRAHAM REGIONAL MEDICAL CENTER,1600  S 20TH AVENUE,SAFFORD,Acute Care Hospitals,Government - Hospital District or Authority
SCOTTSDALE HEALTHCARE-SHEA MEDICAL CENTER,9003 EAST SHEA BOULEVARD,SCOTTSDALE,Acute Care Hospitals,Proprietary
BANNER DEL E WEBB MEDICAL CENTER,14502 WEST MEEKER BOULEVARD,SUN CITY WEST,Acute Care Hospitals,Voluntary non-profit - Private
HAVASU REGIONAL MEDICAL CENTER,101 CIVIC CENTER LANE,LAKE HAVASU CITY,Acute Care Hospitals,Proprietary
FORT DEFIANCE INDIAN HOSPITAL,PO BOX 649,FORT DEFIANCE,Acute Care Hospitals,Government - Federal
TUBA CITY REGIONAL HEALTH CARE CORPORATION,PO BOX 600,TUBA CITY,Acute Care Hospitals,Voluntary non-profit - Other
CAPE CORAL HOSPITAL,636 DEL PRADO BLVD,CAPE CORAL,Acute Care Hospitals,Proprietary
SELLS INDIAN HEALTH SERVICE HOSPITAL,PO BOX 548,SELLS,Acute Care Hospitals,Government - Federal
PHS INDIAN HOSPITAL-SAN CARLOS,PO BOX 208,SAN CARLOS,Acute Care Hospitals,Government - Federal
PHOENIX INDIAN MEDICAL CENTER,4212 N 16TH ST,PHOENIX,Acute Care Hospitals,Government - Federal
PARADISE VALLEY HOSPITAL,3929 EAST BELL ROAD,PHOENIX,Acute Care Hospitals,Proprietary
ARROWHEAD HOSPITAL,18701 NORTH 67TH AVENUE,GLENDALE,Acute Care Hospitals,Proprietary
CHINLE COMPREHENSIVE CARE FACILITY,PO BOX PH,CHINLE,Acute Care Hospitals,Government - Federal
OAK HILL HOSPITAL,11375 CORTEZ BLVD,BROOKSVILLE,Acute Care Hospitals,Proprietary
NORTHWEST MEDICAL CENTER,6200 NORTH LA CHOLLA BOULEVARD,TUCSON,Acute Care Hospitals,Proprietary
BANNER BAYWOOD MEDICAL CENTER,6644 EAST BAYWOOD AVENUE,MESA,Acute Care Hospitals,Government - Hospital District or Authority
BANNER THUNDERBIRD MEDICAL CENTER,5555 WEST THUNDERBIRD ROAD,GLENDALE,Acute Care Hospitals,Government - Hospital District or Authority
JOHN C LINCOLN DEER VALLEY HOSPITAL,19829 NORTH 27TH AVENUE,PHOENIX,Acute Care Hospitals,Voluntary non-profit - Private
NORTHERN COCHISE COMMUNITY HOSPITAL,901 WEST REX ALLEN DRIVE,WILLCOX,Critical Access Hospitals,Government - Hospital District or Authority
TUCSON HEART HOSPITAL,4888 NORTH STONE AVENUE,TUCSON,Acute Care Hospitals,Proprietary
WESTERN ARIZONA REGIONAL MEDICAL CTR,2735 SILVER CREEK ROAD,BULLHEAD CITY,Acute Care Hospitals,Proprietary
BANNER HEART HOSPITAL,6750 EAST BAYWOOD AVENUE,MESA,Acute Care Hospitals,Government - Local
ARIZONA SPINE AND JOINT HOSPITAL,4620 EAST BASELINE ROAD,MESA,Acute Care Hospitals,Proprietary
HOPI HEALTH CARE CENTER,PO BOX 6000,POLACCA,Critical Access Hospitals,Government - Federal
SURGICAL SPECIALTY HOSPITAL OF ARIZONA,6501 NORTH 19TH AVENUE,PHOENIX,Acute Care Hospitals,Proprietary
WEST VALLEY HOSPITAL,13677 WEST MCDOWELL ROAD,GOODYEAR,Acute Care Hospitals,Government - State
ORO VALLEY HOSPITAL,1551 EAST TANGERINE ROAD,ORO VALLEY,Acute Care Hospitals,Proprietary
UNIVERSITY PHYSICIANS HEALTHCARE HOSPITAL AT KINO,2800 EAST AJO WAY,TUCSON,Acute Care Hospitals,Voluntary non-profit - Private
ARIZONA ORTHOPEDIC SURGICAL HOSPITAL,2905 WEST WARNER ROAD,CHANDLER,Acute Care Hospitals,Proprietary
PALMS WEST HOSPITAL,13001 SOUTHERN BLVD,LOXAHATCHEE,Acute Care Hospitals,Proprietary
BANNER ESTRELLA MEDICAL CENTER,9201 WEST THOMAS ROAD,PHOENIX,Acute Care Hospitals,Voluntary non-profit - Private
VALLEY VIEW MEDICAL CENTER,5330 SOUTH HIGHWAY 95,FORT MOHAVE,Acute Care Hospitals,Proprietary
SCOTTSDALE HEALTHCARE-THOMPSON PEAK HOSPITAL,7400 EAST THOMPSON PEAK PARKWAY,SCOTTSDALE,Acute Care Hospitals,Proprietary
YAVAPAI REGIONAL MEDICAL CENTER-EAST,7700 EAST FLORENTINE ROAD,PRESCOTT VALLEY,Acute Care Hospitals,Voluntary non-profit - Private
VA NORTHERN ARIZONA HEALTHCARE SYSTEM,500 HIGHWAY 89 NORTH,PRESCOTT,Acute Care - VA Medical Center,Government Federal
MERCY GILBERT MEDICAL CENTER,3555 SOUTH VAL VISTA DRIVE,GILBERT,Acute Care Hospitals,Voluntary non-profit - Church
BANNER GATEWAY MEDICAL CENTER,1900 NORTH HIGLEY ROAD,GILBERT,Acute Care Hospitals,Voluntary non-profit - Other
ARIZONA REGIONAL MEDICAL CENTER,515 NORTH MESA DRIVE,MESA,Acute Care Hospitals,Proprietary
PHOENIX VA MEDICAL CENTER,650 E. INDIAN SCHOOL ROAD,PHOENIX,Acute Care - VA Medical Center,Government Federal
VA S. ARIZONA HEALTHCARE SYSTEM,3601 SOUTH SIXTH AVENUE,TUCSON,Acute Care - VA Medical Center,Government Federal
WICKENBURG COMMUNITY HOSPITAL,520 ROSE LANE,WICKENBURG,Critical Access Hospitals,Voluntary non-profit - Private
BENSON HOSPITAL,450 SOUTH OCOTILLO STREET,BENSON,Critical Access Hospitals,Government - Hospital District or Authority
COBRE VALLEY COMMUNITY HOSPITAL,5880 SOUTH HOSPITAL DRIVE,GLOBE,Critical Access Hospitals,Proprietary
SOUTHEAST ARIZONA MEDICAL CENTER,2174 WEST OAK AVENUE,DOUGLAS,Critical Access Hospitals,Voluntary non-profit - Private
PAGE HOSPITAL,501 NORTH NAVAJO DRIVE,PAGE,Critical Access Hospitals,Government - Hospital District or Authority
SAGE MEMORIAL HOSPITAL,STATE ROUTE 264 SOUTH 191 PO BOX 457,GANADO,Critical Access Hospitals,Voluntary non-profit - Private
LITTLE COLORADO MEDICAL CENTER,1501 NORTH WILLIAMSON AVENUE,WINSLOW,Critical Access Hospitals,Proprietary
MCGEHEE DESHA COUNTY HOSPITAL,900 SOUTH THIRD STREET,MCGEHEE,Critical Access Hospitals,Government - Local
COPPER QUEEN COMMUNITY HOSPITAL,101 COLE AVENUE,BISBEE,Critical Access Hospitals,Voluntary non-profit - Other
WHITE MOUNTAIN REGIONAL MEDICAL CENTER,118 SOUTH MOUNTAIN AVE,SPRINGERVILLE,Critical Access Hospitals,Voluntary non-profit - Private
CARONDELET HOLY CROSS HOSPITAL,1171 WEST TARGET RANGE ROAD,NOGALES,Critical Access Hospitals,Voluntary non-profit - Private
WHITE COUNTY MEDICAL CENTER,3214 EAST RACE AVENUE,SEARCY,Acute Care Hospitals,Proprietary
PHOENIX CHILDREN'S HOSPITAL,1919 EAST THOMAS ROAD,PHOENIX,Childrens,Voluntary non-profit - Private
SILOAM SPRINGS MEMORIAL HOSPITAL,205 EAST JEFFERSON STREET,SILOAM SPRINGS,Acute Care Hospitals,Government - Hospital District or Authority
JOHNSON REGIONAL MEDICAL CENTER,1100 EAST POPLAR STREET,CLARKSVILLE,Acute Care Hospitals,Voluntary non-profit - Private
MEMORIAL HOSPITAL OF ADEL INC,706 N PARRISH,ADEL,Acute Care Hospitals,Proprietary
WASHINGTON REGIONAL MED CTR AT NO HILLS,3215 N NORTH HILLS BLVD,FAYETTEVILLE,Acute Care Hospitals,Voluntary non-profit - Private
ST VINCENT INFIRMARY MED CTR,TWO ST VINCENT CIRCLE,LITTLE ROCK,Acute Care Hospitals,Voluntary non-profit - Church
WABASH COUNTY HOSPITAL,710 N EAST ST,WABASH,Critical Access Hospitals,Government - Local
MERCY MEDICAL CENTER,2710 RIFE MEDICAL LANE,ROGERS,Acute Care Hospitals,Voluntary non-profit - Church
JOHN ED CHAMBERS MEM HOSP INC,HIGHWAY 10 AT DETROIT STREET,DANVILLE,Acute Care Hospitals,Voluntary non-profit - Other
MENA MEDICAL CENTER,311 NORTH MORROW STREET,MENA,Acute Care Hospitals,Government - Local
UAMS MEDICAL CENTER,4301 WEST MARKHAM STREET SLOT 557,LITTLE ROCK,Acute Care Hospitals,Government - State
NORTH ARKANSAS REGIONAL MED CTR,620 NORTH MAIN STREET,HARRISON,Acute Care Hospitals,Voluntary non-profit - Private
SUMMIT MEDICAL CENTER,EAST MAIN AND SOUTH 20TH STREETS,VAN BUREN,Acute Care Hospitals,Proprietary
FORREST CITY MEDICAL CENTER,1601 NEWCASTLE ROAD,FORREST CITY,Acute Care Hospitals,Proprietary
ST BERNARDS MEDICAL CTR,225 E JACKSON,JONESBORO,Acute Care Hospitals,Voluntary non-profit - Church
NW ARKANSAS HOSPITALS LLC,609 WEST MAPLE AVENUE,SPRINGDALE,Acute Care Hospitals,Proprietary
DREW MEMORIAL HOSPITAL,778 SCOGIN DRIVE,MONTICELLO,Acute Care Hospitals,Government - Local
ST JOSEPHS MERCY HEALTH CENTER INC,300 WERNER STREET,HOT SPRINGS,Acute Care Hospitals,Voluntary non-profit - Church
MAINE COAST MEMORIAL HOSPITAL,50 UNION ST,ELLSWORTH,Acute Care Hospitals,Proprietary
BAXTER REGIONAL MEDICAL CENTER,624 HOSPITAL DRIVE,MOUNTAIN HOME,Acute Care Hospitals,Voluntary non-profit - Other
CONWAY REGIONAL MEDICAL CENTER,2302 COLLEGE AVENUE,CONWAY,Acute Care Hospitals,Voluntary non-profit - Private
BAPTIST HEALTH MEDICAL CENTER NORTH LITTLE ROCK,3333 SPRINGHILL DRIVE,NORTH LITTLE ROCK,Acute Care Hospitals,Voluntary non-profit - Other
ARKANSAS METHODIST MEDICAL CENTER,900 WEST KINGSHIGHWAY,PARAGOULD,Acute Care Hospitals,Voluntary non-profit - Private
CRITTENDEN MEMORIAL HOSPITAL,200 TYLER,WEST MEMPHIS,Acute Care Hospitals,Voluntary non-profit - Other
ST MARYS REGIONAL MEDICAL CENTER,1808 WEST MAIN STREET,RUSSELLVILLE,Acute Care Hospitals,Proprietary
ST EDWARD MERCY MEDICAL CENTER,7301 ROGERS AVE,FORT SMITH,Acute Care Hospitals,Voluntary non-profit - Church
FIVE RIVERS MEDICAL CENTER,2801 MEDICAL CENTER DRIVE,POCAHONTAS,Acute Care Hospitals,Proprietary
OUACHITA COUNTY MEDICAL CENTER,638 CALIFORNIA AVENUE,CAMDEN,Acute Care Hospitals,Voluntary non-profit - Private
SPARKS REGIONAL MEDICAL CENTER,1311 SOUTH I STREET,FORT SMITH,Acute Care Hospitals,Voluntary non-profit - Private
NORTH OAK REGIONAL MEDICAL CENTER,401 GETWELL DR,SENATOBIA,Acute Care Hospitals,Proprietary
WOMAN'S HOSPITAL AT RIVER OAKS,1026 NORTH FLOWOOD DRIVE,JACKSON,Acute Care Hospitals,Proprietary
MAGNOLIA HOSPITAL,101 HOSPITAL DRIVE,MAGNOLIA,Acute Care Hospitals,Government - Local
GREAT RIVER MEDICAL CENTER,1520 N DIVISION STREET,BLYTHEVILLE,Acute Care Hospitals,Voluntary non-profit - Other
JEFFERSON REGIONAL MEDICAL CENTER,1600 WEST 40TH AVENUE,PINE BLUFF,Acute Care Hospitals,Voluntary non-profit - Other
BAPTIST HEALTH MEDICAL CENTER-STUTTGART,1703 NORTH BUERKLE ROAD,STUTTGART,Acute Care Hospitals,Voluntary non-profit - Other
NORTH METRO MEDICAL CENTER,1400 BRADEN STREET,JACKSONVILLE,Acute Care Hospitals,Voluntary non-profit - Other
HOT SPRING COUNTY MEDICAL CENTER,1001 SCHNEIDER DRIVE,MALVERN,Acute Care Hospitals,Voluntary non-profit - Private
NATIONAL PARK MEDICAL CENTER,1910 MALVERN AVENUE,HOT SPRINGS,Acute Care Hospitals,Proprietary
HARRIS HOSPITAL,1205 MCLAIN STREET,NEWPORT,Acute Care Hospitals,Proprietary
SALINE MEMORIAL HOSPITAL,#1 MEDICAL PARK DRIVE,BENTON,Acute Care Hospitals,Voluntary non-profit - Private
HELENA REGIONAL MEDICAL CENTER,1801 MARTIN LUTHER KING DRIVE,HELENA,Acute Care Hospitals,Proprietary
RILEY HOSPITAL,1102 CONSTITUTION AVENUE,MERIDIAN,Acute Care Hospitals,Proprietary
FAYETTEVILLE AR VA MEDICAL CENTER,1100 N. COLLEGE AVENUE,FAYETTEVILLE,Acute Care - VA Medical Center,Government Federal
VA CENTRAL AR. VETERANS HEALTHCARE SYSTEM LR,4300 WEST SEVENTH STREET,LITTLE ROCK,Acute Care - VA Medical Center,Government Federal
OROVILLE HOSPITAL,2767 OLIVE HIGHWAY,OROVILLE,Acute Care Hospitals,Voluntary non-profit - Private
BAPTIST HEALTH MEDICAL CENTER-LITTLE ROCK,9601 INTERSTATE 630 EXIT 7,LITTLE ROCK,Acute Care Hospitals,Voluntary non-profit - Private
SHANNON MEDICAL CENTER,120 EAST HARRIS AVENUE,SAN ANGELO,Acute Care Hospitals,Voluntary non-profit - Other
WHITE RIVER MEDICAL CENTER,1710 HARRISON STREET,BATESVILLE,Acute Care Hospitals,Voluntary non-profit - Private
LEO N LEVI NATIONAL ARTHRITIS HOSPITAL,300 PROSPECT AVE,HOT SPRINGS,Acute Care Hospitals,Voluntary non-profit - Private
HEALTHPARK HOSPITAL,1636 HIGDON FERRY ROAD,HOT SPRINGS,Acute Care Hospitals,Proprietary
ARKANSAS SURGICAL HOSPITAL,5201 NORTH SHORE DRIVE,NO LITTLE ROCK,Acute Care Hospitals,Voluntary non-profit - Private
STONE COUNTY MEDICAL CENTER,HIGHWAY 14 EAST,MOUNTAIN VIEW,Critical Access Hospitals,Voluntary non-profit - Other
PHYSICIANS' SPECIALTY HOSPITAL,3873 NORTH PARKVIEW DRIVE,FAYETTEVILLE,Acute Care Hospitals,Proprietary
NORTH LOGAN MERCY HOSPITAL,500 EAST ACADEMY,PARIS,Critical Access Hospitals,Voluntary non-profit - Church
MERCY HOSPITAL TURNER MEMORIAL,801 WEST RIVER STREET,OZARK,Critical Access Hospitals,Voluntary non-profit - Church
MERCY HOSPITAL SCOTT COUNTY,1341 WEST SIXTH STREET,WALDRON,Critical Access Hospitals,Voluntary non-profit - Church
CROSSRIDGE COMMUNITY HOSPITAL,310 SOUTH FALLS BOULEVARD,WYNNE,Critical Access Hospitals,Voluntary non-profit - Church
BOONEVILLE COMMUNITY HOSPITAL,880 WEST MAIN,BOONEVILLE,Critical Access Hospitals,Government - Local
LAWRENCE MEMORIAL HOSPITAL,1309 WEST MAIN,WALNUT RIDGE,Critical Access Hospitals,Government - Local
EDWIN SHAW REHAB LLC,1621 FLICKINGER ROAD,AKRON,Acute Care Hospitals,Government - Local
HOWARD MEMORIAL HOSPITAL,130 MEDICAL CIRCLE,NASHVILLE,Critical Access Hospitals,Government - Local
DE WITT HOSPITAL & NURSING HOME INC,1641 WHITEHEAD DRIVE,DE WITT,Critical Access Hospitals,Voluntary non-profit - Private
SOUTH MISSISSISSPI COUNTY REGIONAL MEDICAL CENTER,611 WEST LEE AVENUE,OSCEOLA,Critical Access Hospitals,Voluntary non-profit - Church
ST ROSE HOSPITAL,27200 CALAROGA AVE,HAYWARD,Acute Care Hospitals,Voluntary non-profit - Church
DALLAS COUNTY MEDICAL CENTER,201 CLIFTON STREET,FORDYCE,Critical Access Hospitals,Government - Local
ENLOE MEDICAL CENTER,1531 ESPLANADE,CHICO,Acute Care Hospitals,Voluntary non-profit - Private
DE QUEEN MEDICAL CENTER INC,1306 WEST COLLIN RAYE DRIVE,DE QUEEN,Critical Access Hospitals,Voluntary non-profit - Private
BAPTIST HEALTH MED CTR-ARKADELPHIA,3050 TWIN RIVERS DRIVE,ARKADELPHIA,Critical Access Hospitals,Voluntary non-profit - Other
ASHLEY COUNTY MEDICAL CENTER,1015 UNITY ROAD,CROSSETT,Critical Access Hospitals,Voluntary non-profit - Private
ST ANTHONY'S HEALTHCARE CENTER,#4 HOSPITAL DRIVE,MORRILTON,Critical Access Hospitals,Voluntary non-profit - Church
DELTA MEMORIAL HOSPITAL,300 EAST PICKENS,DUMAS,Critical Access Hospitals,Voluntary non-profit - Private
BRADLEY COUNTY MEDICAL CENTER,404 SOUTH BRADLEY STREET,WARREN,Critical Access Hospitals,Voluntary non-profit - Private
CHICOT MEMORIAL HOSPITAL,2729 HIGHWAY 65 & 82 SOUTH,LAKE VILLAGE,Critical Access Hospitals,Government - Local
ST JOHN'S HOSPITAL-BERRYVILLE,214 CARTER STREET,BERRYVILLE,Critical Access Hospitals,Voluntary non-profit - Church
DAVIES MEDICAL CENTER,CASTRO  DUBOCE STS,SAN FRANCISCO,Acute Care Hospitals,Voluntary non-profit - Other
PIGGOTT COMMUNITY HOSPITAL,1206 GORDON DUCKWORTH DRIVE,PIGGOTT,Critical Access Hospitals,Government - Local
ARKANSAS CHILDREN'S HOSPITAL,800 MARSHALL STREET SLOT 301,LITTLE ROCK,Childrens,Voluntary non-profit - Private
ST JOSEPH HOSPITAL,2700 DOLBEER ST,EUREKA,Acute Care Hospitals,Voluntary non-profit - Church
SUTTER AMADOR HOSPITAL,200 MISSION BLVD,JACKSON,Acute Care Hospitals,Government - Local
PENINSULA MEDICAL CENTER,1501 TROUSDALE DRIVE,BURLINGAME,Acute Care Hospitals,Voluntary non-profit - Private
OJAI VALLEY COMMUNITY HOSPITAL,1306 MARICOPA HWY,OJAI,Acute Care Hospitals,Proprietary
QUEEN OF THE VALLEY MEDICAL CENTER,1000 TRANCAS ST,NAPA,Acute Care Hospitals,Voluntary non-profit - Church
ST HELENA HOSPITAL,10 WOODLAND ROAD,SAINT HELENA,Acute Care Hospitals,Voluntary non-profit - Church
RIVERSIDE COMMUNITY HOSPITAL,4445 MAGNOLIA AVENUE,RIVERSIDE,Acute Care Hospitals,Government - Local
MERCY GENERAL HOSPITAL,4001 J ST,SACRAMENTO,Acute Care Hospitals,Voluntary non-profit - Church
ARROYO GRANDE COMMUNITY HOSPITAL,345 S HALCYON RD,ARROYO GRANDE,Acute Care Hospitals,Voluntary non-profit - Private
PACIFIC ALLIANCE MEDICAL CENTER,531 W COLLEGE ST,LOS ANGELES,Acute Care Hospitals,Proprietary
PARADISE VALLEY HOSPITAL,2400 EAST FOURTH STREET,NATIONAL CITY,Acute Care Hospitals,Voluntary non-profit - Church
THREE GABLES SURGERY CENTER LLC,5897 SR 7,PROCTORVILLE,Acute Care Hospitals,Proprietary
GROSSMONT HOSPITAL,5555 GROSSMONT CENTER DRIVE BOX 58,LA MESA,Acute Care Hospitals,Voluntary non-profit - Private
MAD RIVER COMMUNITY HOSPITAL,3800 JANES RD,ARCATA,Acute Care Hospitals,Proprietary
BAKERSFIELD MEMORIAL HOSPITAL,420 34TH ST BOX 1888,BAKERSFIELD,Acute Care Hospitals,Voluntary non-profit - Private
SANTA CLARA VALLEY MEDICAL CENTER,751 SOUTH BASCOM AVENUE,SAN JOSE,Acute Care Hospitals,Government - Local
LAC/OLIVE VIEW-UCLA MEDICAL CENTER,14445 OLIVE VIEW DRIVE,SYLMAR,Acute Care Hospitals,Government - Local
ST ELIZABETH COMMUNITY HOSPITAL,2550 SISTER MARY COLUMBA DRIVE,RED BLUFF,Acute Care Hospitals,Voluntary non-profit - Church
WEST ANAHEIM MEDICAL CENTER,3033 W ORANGE AVENUE,ANAHEIM,Acute Care Hospitals,Proprietary
ALTA BATES SUMMIT MEDICAL CENTER--SUMMIT CAMPUS,350 HAWTHORNE AVENUE,OAKLAND,Acute Care Hospitals,Voluntary non-profit - Other
GOOD SAMARITAN HOSPITAL,901 OLIVE DRIVE,BAKERSFIELD,Acute Care Hospitals,Proprietary
EL CENTRO REGIONAL MEDICAL CENTER,1415 ROSS AVENUE,EL CENTRO,Acute Care Hospitals,Government - Local
OAK VALLEY DISTRICT HOSPITAL,350 S OAK AVE,OAKDALE,Acute Care Hospitals,Government - Hospital District or Authority
CALIFORNIA PACIFIC MEDICAL CTR - ST. LUKE'S CAMPUS,3555 CESAR CHAVEZ STREET,SAN FRANCISCO,Acute Care Hospitals,Voluntary non-profit - Church
ANTELOPE VALLEY HOSPITAL MED CENTER,1600 W AVE J,LANCASTER,Acute Care Hospitals,Government - Hospital District or Authority
KAWEAH DELTA MEDICAL CENTER,400 W MINERAL KING AVE,VISALIA,Acute Care Hospitals,Government - Hospital District or Authority
GLENDALE MEM HOSPITAL & HLTH CENTER,1420 S CENTRAL AVE,GLENDALE,Acute Care Hospitals,Voluntary non-profit - Private
COMMUNITY REGIONAL MEDICAL CENTER,2823 FRESNO STREET,FRESNO,Acute Care Hospitals,Voluntary non-profit - Other
BUTLER COUNTY MEDICAL CENTER,3125 HAMILTON MASON ROAD,HAMILTON,Acute Care Hospitals,Proprietary
HOLLYWOOD PRESBYTERIAN MEDICAL CENTER,1300 N VERMONT AVE,LOS ANGELES,Acute Care Hospitals,Proprietary
ST JOSEPH HOSPITAL,1100 W STEWART DR,ORANGE,Acute Care Hospitals,Voluntary non-profit - Church
KAISER FOUNDATION HOSPITAL - SOUTH SAN FRANCISCO,1200 EL CAMINO REAL,SOUTH SAN FRANCISCO,Acute Care Hospitals,Voluntary non-profit - Other
KAISER FOUNDATION HOSPITAL-SANTA CLARA,700 LAWRENCE EXPRESSWAY,SANTA CLARA,Acute Care Hospitals,Government - Federal
KAISER FOUNDATION HOSPITAL - WALNUT CREEK,1425 S MAIN ST,WALNUT CREEK,Acute Care Hospitals,Voluntary non-profit - Other
KAISER FOUNDATION HOSPITAL VALLEJO,975 SERENO DR,VALLEJO,Acute Care Hospitals,Voluntary non-profit - Other
KAISER FOUNDATION HOSPITAL OAKLAND/RICHMOND,280 W MAC ARTHUR BLVD,OAKLAND,Acute Care Hospitals,Voluntary non-profit - Other
SAN ANTONIO COMMUNITY HOSPITAL,999 SAN BERNARDINO RD,UPLAND,Acute Care Hospitals,Voluntary non-profit - Other
RIDEOUT MEMORIAL HOSPITAL,726 4TH ST,MARYSVILLE,Acute Care Hospitals,Voluntary non-profit - Other
HOLLYWOOD COMMUNITY HOSPITAL OF HOLLYWOOD,6245 DE LONGPRE AVE,LOS ANGELES,Acute Care Hospitals,Voluntary non-profit - Other
PETALUMA VALLEY HOSPITAL,400 N MCDOWELL BLVD,PETALUMA,Acute Care Hospitals,Voluntary non-profit - Other
KAISER FOUNDATION HOSPITAL - SACRAMENTO/ROSEVILLE,2025 MORSE AVE,SACRAMENTO,Acute Care Hospitals,Voluntary non-profit - Other
SANTA YNEZ VALLEY COTTAGE HOSPITAL,2050 VIBORG RD,SOLVANG,Acute Care Hospitals,Voluntary non-profit - Private
MERCY SAN JUAN MEDICAL CENTER,6501 COYLE AVE,CARMICHAEL,Acute Care Hospitals,Voluntary non-profit - Other
SAINT LOUISE REGIONAL HOSPITAL,9400 NO NAME UNO,GILROY,Acute Care Hospitals,Voluntary non-profit - Church
KAISER FOUNDATION HOSPITAL - SAN FRANCISCO,2425 GEARY BLVD,SAN FRANCISCO,Acute Care Hospitals,Government - Hospital District or Authority
SCRIPPS MERCY HOSPITAL,4077 5TH AVE,SAN DIEGO,Acute Care Hospitals,Voluntary non-profit - Other
SAN LEANDRO HOSPITAL,13855 E 14TH STREET,SAN LEANDRO,Acute Care Hospitals,Proprietary
PROVIDENCE LITTLE CO OF MARY MED CTR SAN PEDRO,1300 W 7TH ST,SAN PEDRO,Acute Care Hospitals,Voluntary non-profit - Private
DOCTORS MEDICAL CENTER-SAN PABLO,2000 VALE RD,SAN PABLO,Acute Care Hospitals,Government - Hospital District or Authority
ST JOHN'S REGIONAL MEDICAL CENTER,1600 N ROSE AVE,OXNARD,Acute Care Hospitals,Voluntary non-profit - Church
ST JOSEPHS MED CENTER OF STOCKTON,1800 N CALIFORNIA ST,STOCKTON,Acute Care Hospitals,Voluntary non-profit - Church
COMMUNITY HOSPITAL OF SAN BERNARDINO,1805 MEDICAL CENTER DRIVE,SAN BERNARDINO,Acute Care Hospitals,Voluntary non-profit - Other
SONOMA VALLEY HOSPITAL,347 ANDRIEUX ST,SONOMA,Acute Care Hospitals,Government - Hospital District or Authority
COMMUNITY AND MISSION  HOSPITAL OF HUNTINGTON PARK,2623 E SLAUSEN AVE,HUNTINGTON PARK,Acute Care Hospitals,Voluntary non-profit - Private
SUTTER SOLANO MEDICAL CENTER,300 HOSPITAL DR,VALLEJO,Acute Care Hospitals,Voluntary non-profit - Other
SAINT AGNES MEDICAL CENTER,1303 E HERNDON AVE,FRESNO,Acute Care Hospitals,Voluntary non-profit - Church
LAUREL GROVE HOSPITAL,19933 LAKE CHABOT RD,CASTRO VALLEY,Acute Care Hospitals,Proprietary
DOCTORS HOSPITAL OF WEST COVINA INC,725 S ORANGE AVE,WEST COVINA,Acute Care Hospitals,Proprietary
WESTFIELD HOSPITAL,4815 TILGHMAN STREET,ALLENTOWN,Acute Care Hospitals,Proprietary
SHARP MEMORIAL HOSPITAL,7901 FROST ST,SAN DIEGO,Acute Care Hospitals,Voluntary non-profit - Other
PARKVIEW COMMUNITY HOSPITAL MEDICAL CENTER,3865 JACKSON STREET,RIVERSIDE,Acute Care Hospitals,Voluntary non-profit - Private
WHITE MEMORIAL MEDICAL CENTER,1720 E CESAR AVENUE,LOS ANGELES,Acute Care Hospitals,Voluntary non-profit - Church
SAINT FRANCIS MEDICAL CENTER,3630 EAST IMPERIAL HIGHWAY,LYNWOOD,Acute Care Hospitals,Voluntary non-profit - Church
MARIAN MEDICAL CENTER,1400 E CHURCH ST,SANTA MARIA,Acute Care Hospitals,Voluntary non-profit - Church
SUTTER GENERAL HOSPITAL,2801 L STREET,SACRAMENTO,Acute Care Hospitals,Voluntary non-profit - Other
LOMPOC VALLEY MEDICAL CENTER,508 E HICKORY AVE,LOMPOC,Acute Care Hospitals,Government - Hospital District or Authority
SANTA MONICA - UCLA MED CTR & ORTHOPAEDIC HOSPITAL,1250 16TH STREET,SANTA MONICA,Acute Care Hospitals,Government - State
SAN MATEO MEDICAL CENTER,222 W 39TH AVE,SAN MATEO,Acute Care Hospitals,Government - Hospital District or Authority
PALOMAR MEDICAL CENTER,555 E VALLEY PARKWAY,ESCONDIDO,Acute Care Hospitals,Government - Hospital District or Authority
CASTANER GENERAL HOSPITAL,ST 135 KM 64 2,CASTANER,Acute Care Hospitals,Government - Local
NORTHRIDGE HOSPITAL MEDICAL CENTER,18300 ROSCOE BLVD,NORTHRIDGE,Acute Care Hospitals,Voluntary non-profit - Other
VERDUGO HILLS HOSPITAL,1812 VERDUGO BLVD,GLENDALE,Acute Care Hospitals,Voluntary non-profit - Other
DOCTORS HOSPITAL OF MANTECA,1205 E NORTH ST,MANTECA,Acute Care Hospitals,Proprietary
HANFORD COMMUNITY MEDICAL CENTER,450 GREENFIELD AVE,HANFORD,Acute Care Hospitals,Voluntary non-profit - Church
WOODLAND MEMORIAL HOSPITAL,1325 COTTONWOOD STREET,WOODLAND,Acute Care Hospitals,Voluntary non-profit - Other
DAMERON HOSPITAL,525 WEST ACACIA STREET,STOCKTON,Acute Care Hospitals,Voluntary non-profit - Other
REGIONAL MEDICAL CENTER OF SAN JOSE,225 N JACKSON AVENUE,SAN JOSE,Acute Care Hospitals,Voluntary non-profit - Church
ALHAMBRA HOSPITAL MEDICAL CENTER,100 S RAYMOND AVE,ALHAMBRA,Acute Care Hospitals,Proprietary
VALLEY PRESBYTERIAN HOSPITAL,15107 VANOWEN ST,VAN NUYS,Acute Care Hospitals,Voluntary non-profit - Other
NOVATO COMMUNITY HOSPITAL,180 ROWLAND WAY,NOVATO,Acute Care Hospitals,Voluntary non-profit - Other
TRI-CITY MEDICAL CENTER,4002 VISTA WAY,OCEANSIDE,Acute Care Hospitals,Government - Hospital District or Authority
ST BERNARDINE MEDICAL CENTER,2101 N WATERMAN AVE,SAN BERNARDINO,Acute Care Hospitals,Voluntary non-profit - Church
SAN GABRIEL VALLEY MEDICAL CENTER,438 W LAS TUNAS DRIVE,SAN GABRIEL,Acute Care Hospitals,Voluntary non-profit - Other
KAISER FOUNDATION HOSPITAL - PANORAMA CITY,13652 CANTARA ST,PANORAMA CITY,Acute Care Hospitals,Voluntary non-profit - Private
KAISER FOUNDATION HOSPITAL - LOS ANGELES,4867 SUNSET BLVD,LOS ANGELES,Acute Care Hospitals,Voluntary non-profit - Other
SAINT FRANCIS MEMORIAL HOSPITAL,900 HYDE ST,SAN FRANCISCO,Acute Care Hospitals,Voluntary non-profit - Private
KAISER FOUNDATION HOSPITAL - DOWNEY,9333 IMPERIAL HIGHWAY,DOWNEY,Acute Care Hospitals,Voluntary non-profit - Other
KAISER FOUNDATION HOSPITAL FONTANA,9961 SIERRA AVE,FONTANA,Acute Care Hospitals,Voluntary non-profit - Private
COMMUNITY HOSPITAL OF THE MONTEREY PENINSULA,23625 W R HOLMAN HIGHWAY,MONTEREY,Acute Care Hospitals,Voluntary non-profit - Private
GEORGE L MEE MEMORIAL HOSPITAL,300 CANAL STREET,KING CITY,Acute Care Hospitals,Voluntary non-profit - Other
CALIFORNIA HOSPITAL MEDICAL CENTER LA,1401 SOUTH GRAND AVENUE,LOS ANGELES,Acute Care Hospitals,Voluntary non-profit - Other
SAN JOAQUIN GENERAL HOSPITAL,500 W HOSPITAL ROAD,FRENCH CAMP,Acute Care Hospitals,Government - Local
SIERRA NEVADA MEMORIAL HOSPITAL,155 GLASSON WAY,GRASS VALLEY,Acute Care Hospitals,Voluntary non-profit - Other
SIERRA KINGS DISTRICT HOSPITAL,372 W CYPRESS AVE,REEDLEY,Acute Care Hospitals,Government - Hospital District or Authority
O'CONNOR HOSPITAL,2105 FOREST AVENUE,SAN JOSE,Acute Care Hospitals,Voluntary non-profit - Church
HILL REGIONAL HOSPITAL,101 CIRCLE DRIVE,HILLSBORO,Acute Care Hospitals,Proprietary
ENCINO HOSPITAL MEDICAL CENTER,16237 VENTURA BLVD,ENCINO,Acute Care Hospitals,Proprietary
PRESBYTERIAN INTERCOMMUNITY HOSPITAL,12401 E WASHINGTON BLVD,WHITTIER,Acute Care Hospitals,Voluntary non-profit - Private
FRIO REGIONAL HOSPITAL,200 S IH 35,PEARSALL,Acute Care Hospitals,Proprietary
VENTURA COUNTY MEDICAL CENTER,3291 LOMA VISTA RD,VENTURA,Acute Care Hospitals,Government - Local
JOHN MUIR MEDICAL CENTER - WALNUT CREEK CAMPUS,1601 YGNACIO VALLEY RD,WALNUT CREEK,Acute Care Hospitals,Voluntary non-profit - Private
ST JUDE MEDICAL CENTER,101 E VALENCIA MESA DRIVE,FULLERTON,Acute Care Hospitals,Voluntary non-profit - Church
ANAHEIM GENERAL HOSPITAL,3350 W BALL ROAD,ANAHEIM,Acute Care Hospitals,Government - State
SANTA ROSA MEMORIAL HOSPITAL,1165 MONTGOMERY DR,SANTA ROSA,Acute Care Hospitals,Voluntary non-profit - Private
EMANUEL MEDICAL CENTER INC,825 DELBON AVE,TURLOCK,Acute Care Hospitals,Voluntary non-profit - Church
SOUTH COAST MEDICAL CENTER,31872 COAST HWY,LAGUNA BEACH,Acute Care Hospitals,Voluntary non-profit - Other
ST MARY MEDICAL CENTER,1050 LINDEN AVE,LONG BEACH,Acute Care Hospitals,Voluntary non-profit - Church
WATSONVILLE COMMUNITY HOSPITAL,75 NIELSON STREET,WATSONVILLE,Acute Care Hospitals,Proprietary
VISTA HOSPITAL OF DALLAS,2696 WEST WALNUT STREET,GARLAND,Acute Care Hospitals,Proprietary
EAST VALLEY HOSPITAL MEDICAL CENTER,150 WEST ROUTE 66,GLENDORA,Acute Care Hospitals,Voluntary non-profit - Private
WASHINGTON HOSPITAL,2000 MOWRY AVE,FREMONT,Acute Care Hospitals,Government - Hospital District or Authority
CENTRAL VALLEY GENERAL HOSPITAL,1025 N DOUTY ST,HANFORD,Acute Care Hospitals,Voluntary non-profit - Church
SEQUOIA HOSPITAL,170 ALAMEDA DE LAS PULGAS,REDWOOD CITY,Acute Care Hospitals,Voluntary non-profit - Private
LANCASTER COMMUNITY HOSPITAL,43830 N 10TH ST W,LANCASTER,Acute Care Hospitals,Proprietary
GOOD SAMARITAN HOSPITAL,2425 SAMARITAN DRIVE,SAN JOSE,Acute Care Hospitals,Proprietary
PALM DRIVE HOSPITAL,501 PETALUMA AVE,SEBASTOPOL,Acute Care Hospitals,Voluntary non-profit - Other
ALAMEDA HOSPITAL,2070 CLINTON AVE,ALAMEDA,Acute Care Hospitals,Voluntary non-profit - Private
COAST PLAZA HOSPITAL,13100 STUDEBAKER RD,NORWALK,Acute Care Hospitals,Voluntary non-profit - Private
ARROWHEAD REGIONAL MEDICAL CENTER,400 NORTH PEPPER AVENUE,COLTON,Acute Care Hospitals,Government - Local
SHARP CHULA VISTA MEDICAL CENTER,751 MEDICAL CENTER COURT,CHULA VISTA,Acute Care Hospitals,Voluntary non-profit - Other
POMONA VALLEY HOSPITAL MEDICAL CENTER,1798 N GAREY AVE,POMONA,Acute Care Hospitals,Voluntary non-profit - Other
HOAG MEMORIAL HOSPITAL PRESBYTERIAN,ONE HOAG DRIVE,NEWPORT BEACH,Acute Care Hospitals,Voluntary non-profit - Other
FEATHER RIVER HOSPITAL,5974 PENTZ ROAD,PARADISE,Acute Care Hospitals,Voluntary non-profit - Private
AHMC ANAHEIM REGIONAL MEDICAL CENTER,1111 W LA PALMA AVENUE,ANAHEIM,Acute Care Hospitals,Voluntary non-profit - Private
SAN FRANCISCO GENERAL HOSPITAL,1001 POTRERO AVENUE,SAN FRANCISCO,Acute Care Hospitals,Government - Local
GARDEN GROVE HOSPITAL & MEDICAL CENTER,12601 GARDEN GROVE BLVD,GARDEN GROVE,Acute Care Hospitals,Proprietary
FRENCH HOSPITAL MEDICAL CENTER,1911 JOHNSON AVE,SAN LUIS OBISPO,Acute Care Hospitals,Voluntary non-profit - Other
SHARP CORONADO HOSPITAL AND HLTHCR CTR,250 PROSPECT PLACE,CORONADO,Acute Care Hospitals,Voluntary non-profit - Other
PROVIDENCE SAINT JOSEPH MEDICAL CTR,501 SOUTH BUENA VISTA,BURBANK,Acute Care Hospitals,Voluntary non-profit - Church
METHODIST HOSPITAL OF SOUTHERN CA,300 W HUNTINGTON DR,ARCADIA,Acute Care Hospitals,Voluntary non-profit - Church
GLENDALE ADVENTIST MEDICAL CENTER,1509 E WILSON TERRACE,GLENDALE,Acute Care Hospitals,Voluntary non-profit - Church
DOMINICAN HOSPITAL,1555 SOQUEL DRIVE,SANTA CRUZ,Acute Care Hospitals,Voluntary non-profit - Church
DESERT REGIONAL MEDICAL CENTER,1150 NORTH INDIAN CANYON DRIVE,PALM SPRINGS,Acute Care Hospitals,Government - Hospital District or Authority
LA PALMA INTERCOMMUNITY HOSPITAL,7901 WALKER STREET,LA PALMA,Acute Care Hospitals,Proprietary
NATIVIDAD MEDICAL CENTER,1441 CONSTITUTION BOULEVARD,SALINAS,Acute Care Hospitals,Government - Local
MARSHALL MEDICAL CENTER (1-RH),1100 MARSHALL WAY,PLACERVILLE,Acute Care Hospitals,Voluntary non-profit - Other
FRESNO VA MEDICAL CENTER (VA CENTRAL CALIFOR,2615 E. CLINTON AVENUE,FRESNO,Acute Care - VA Medical Center,Government Federal
SAINT JOHN'S HEALTH CENTER,1328 22ND ST,SANTA MONICA,Acute Care Hospitals,Voluntary non-profit - Church
SIERRA VIEW DISTRICT HOSPITAL,465 W PUTNAM AVE,PORTERVILLE,Acute Care Hospitals,Government - Hospital District or Authority
SUTTER MEDICAL CENTER OF SANTA ROSA,3325 CHANATE RD,SANTA ROSA,Acute Care Hospitals,Government - Local
RONALD REAGAN UCLA MEDICAL CENTER,757 WESTWOOD PLAZA,LOS ANGELES,Acute Care Hospitals,Government - State
REDLANDS COMMUNITY HOSPITAL,350 TERRACINA BLVD,REDLANDS,Acute Care Hospitals,Proprietary
CONTRA COSTA REGIONAL MEDICAL CENTER,2500 ALHAMBRA AVE,MARTINEZ,Acute Care Hospitals,Government - Local
PACIFIC HOSPITAL OF LONG BEACH,2776 PACIFIC AVE,LONG BEACH,Acute Care Hospitals,Voluntary non-profit - Private
PROVIDENCE HOLY CROSS MEDICAL CENTER,15031 RINALDI ST,MISSION HILLS,Acute Care Hospitals,Voluntary non-profit - Church
HI-DESERT MEDICAL CENTER,6601 WHITE FEATHER ROAD,JOSHUA TREE,Acute Care Hospitals,Government - Hospital District or Authority
CHINO VALLEY MEDICAL CENTER,5451 WALNUT AVE,CHINO,Acute Care Hospitals,Proprietary
VA LONG BEACH HEALTHCARE SYSTEM,5901 E. SEVENTH STREET,LONG BEACH,Acute Care - VA Medical Center,Government Federal
MERCY MEDICAL CENTER REDDING,2175 ROSALINE AVE CLAIRMONT HGTS,REDDING,Acute Care Hospitals,Voluntary non-profit - Church
VALLEYCARE MEDICAL CENTER,5555 WEST LAS POSITAS BOULEVARD,PLEASANTON,Acute Care Hospitals,Voluntary non-profit - Private
SETON MEDICAL CENTER,1900 SULLIVAN AVENUE,DALY CITY,Acute Care Hospitals,Voluntary non-profit - Church
RIVERSIDE COUNTY REGIONAL MEDICAL CENTER,26520 CACTUS AVENUE,MORENO VALLEY,Acute Care Hospitals,Proprietary
MERCY HOSPITAL,2215 TRUXTUN AVENUE,BAKERSFIELD,Acute Care Hospitals,Voluntary non-profit - Church
HAZEL HAWKINS MEMORIAL HOSPITAL,911 SUNSET DRIVE,HOLLISTER,Acute Care Hospitals,Government - Hospital District or Authority
BARSTOW COMMUNITY HOSPITAL,555 SOUTH SEVENTH AVENUE,BARSTOW,Acute Care Hospitals,Government - Local
ST MARY MEDICAL CENTER,18300 HIGHWAY 18,APPLE VALLEY,Acute Care Hospitals,Government - Hospital District or Authority
UKIAH VALLEY MEDICAL CENTER/HOSPITAL D,275 HOSPITAL DRIVE,UKIAH,Acute Care Hospitals,Voluntary non-profit - Other
ALTA BATES SUMMIT MEDICAL CENTER - ALTA BATES CAMP,2450 ASHBY AVE,BERKELEY,Acute Care Hospitals,Voluntary non-profit - Other
EL CAMINO HOSPITAL,2500 GRANT ROAD,MOUNTAIN VIEW,Acute Care Hospitals,Voluntary non-profit - Other
SUTTER ROSEVILLE MEDICAL CENTER,ONE MEDICAL PLAZA,ROSEVILLE,Acute Care Hospitals,Voluntary non-profit - Other
VA N CALIFORNIA HEALTHCARE SSYTEM,10535 HOSPITAL WAY,MATHER,Acute Care - VA Medical Center,Government Federal
SUTTER TRACY COMMUNITY HOSPITAL,1420 N TRACY BLVD,TRACY,Acute Care Hospitals,Voluntary non-profit - Other
KERN MEDICAL CENTER,1700 MOUNT VERNON AVENUE,BAKERSFIELD,Acute Care Hospitals,Government - Local
LOMA LINDA UNIVERSITY MEDICAL CENTER,11234 ANDERSON ST,LOMA LINDA,Acute Care Hospitals,Voluntary non-profit - Church
PALO ALTO VA MEDICAL CENTER,3801 MIRANDA AVENUE,PALO ALTO,Acute Care - VA Medical Center,Government Federal
ALAMEDA COUNTY MEDICAL CENTER,1411 E 31ST ST,OAKLAND,Acute Care Hospitals,Government - Local
SCRIPPS MEMORIAL HOSPITAL LA JOLLA,9888 GENESEE AVENUE,LA JOLLA,Acute Care Hospitals,Voluntary non-profit - Other
SONORA REGIONAL MEDICAL CENTER,1000 GREENLEY ROAD,SONORA,Acute Care Hospitals,Voluntary non-profit - Church
CORONA REGIONAL MEDICAL CENTER,800 SOUTH MAIN STREET,CORONA,Acute Care Hospitals,Proprietary
SALINAS VALLEY MEMORIAL HOSPITAL,450 EAST ROMIE LANE,SALINAS,Acute Care Hospitals,Government - Hospital District or Authority
TULARE DISTRICT HOSPITAL,869 CHERRY AVE,TULARE,Acute Care Hospitals,Government - Hospital District or Authority
LODI MEMORIAL HOSPITAL,975 S FAIRMONT AVENUE,LODI,Acute Care Hospitals,Voluntary non-profit - Other
PIONEERS MEMORIAL HEALTHCARE DISTRICT,207 W LEGION ROAD,BRAWLEY,Acute Care Hospitals,Government - Hospital District or Authority
UNIV OF CALIFORNIA IRVINE MED CENTER,101 CITY DRIVE SOUTH,ORANGE,Acute Care Hospitals,Government - Hospital District or Authority
CORCORAN DISTRICT HOSPITAL,1310 HANNA AVE,CORCORAN,Acute Care Hospitals,Government - Hospital District or Authority
BEVERLY HOSPITAL,309 W BEVERLY BLVD,MONTEBELLO,Acute Care Hospitals,Voluntary non-profit - Private
PROVIDENCE LITTLE COMPANY OF MARY MED CTR TORRANCE,4101 TORRANCE BLVD,TORRANCE,Acute Care Hospitals,Voluntary non-profit - Church
TORRANCE MEMORIAL MEDICAL CENTER,3330 LOMITA BLVD,TORRANCE,Acute Care Hospitals,Voluntary non-profit - Other
BARTON MEMORIAL HOSPITAL,2170 SOUTH AVENUE,SOUTH LAKE TAHOE,Acute Care Hospitals,Voluntary non-profit - Other
GOLETA VALLEY COTTAGE HOSPITAL,351 S PATTERSON AVE,SANTA BARBARA,Acute Care Hospitals,Voluntary non-profit - Other
MARIN GENERAL HOSPITAL,250 BON AIR ROAD PO BOX 8010,GREENBRAE,Acute Care Hospitals,Government - Hospital District or Authority
MARK TWAIN ST JOSEPH'S HOSPITAL,768 MOUNTAIN RANCH RD,SAN ANDREAS,Acute Care Hospitals,Voluntary non-profit - Other
LAC/HARBOR-UCLA MED CENTER,1000 W CARSON ST,TORRANCE,Acute Care Hospitals,Government - Local
NORTHBAY MEDICAL CENTER,1200 B  GALE WILSON BLVD,FAIRFIELD,Acute Care Hospitals,Voluntary non-profit - Other
LAC+USC MEDICAL CENTER,1200 N STATE ST,LOS ANGELES,Acute Care Hospitals,Government - Local
PACIFICA HOSPITAL OF THE VALLEY,9449 SAN FERNANDO RD,SUN VALLEY,Acute Care Hospitals,Proprietary
CITRUS VALLEY MEDICAL CENTER-IC CAMPUS,210 W  SAN BERNARDINO ROAD,COVINA,Acute Care Hospitals,Voluntary non-profit - Other
HEMET VALLEY MEDICAL CENTER,1117 EAST DEVONSHIRE,HEMET,Acute Care Hospitals,Government - Hospital District or Authority
COMMUNITY MEMORIAL HOSPITAL SAN BUENAVENTURA,147 N BRENT ST,VENTURA,Acute Care Hospitals,Voluntary non-profit - Private
DOWNEY REGIONAL MEDICAL CENTER,11500 BROOKSHIRE AVENUE,DOWNEY,Acute Care Hospitals,Voluntary non-profit - Private
SANTA BARBARA COTTAGE HOSPITAL,PUEBLO AT BATH ST,SANTA BARBARA,Acute Care Hospitals,Voluntary non-profit - Other
SUTTER COAST HOSPITAL,800 E WASHINGTON BLVD,CRESCENT CITY,Acute Care Hospitals,Government - Hospital District or Authority
COALINGA REGIONAL MEDICAL CENTER,1191 PHELPS AVENUE,COALINGA,Acute Care Hospitals,Government - Hospital District or Authority
CHINESE HOSPITAL,845 JACKSON ST,SAN FRANCISCO,Acute Care Hospitals,Voluntary non-profit - Other
PALO VERDE HOSPITAL,250 NORTH FIRST STREET,BLYTHE,Acute Care Hospitals,Proprietary
KAISER FOUNDATION HOSPITAL - HARBOR CITY,25825 SOUTH VERMONT AVENUE,HARBOR CITY,Acute Care Hospitals,Voluntary non-profit - Other
MERCY HOSPITAL OF FOLSOM,1650 CREEKSIDE DRIVE,FOLSOM,Acute Care Hospitals,Voluntary non-profit - Private
SCRIPPS GREEN HOSPITAL,10666 NORTH TORREY PINES ROAD,LA JOLLA,Acute Care Hospitals,Voluntary non-profit - Other
COLUSA REGIONAL MEDICAL CENTER,199 EAST WEBSTER ST,COLUSA,Acute Care Hospitals,Voluntary non-profit - Other
FALLBROOK HOSPITAL,624 E ELDER ST,FALLBROOK,Acute Care Hospitals,Government - Hospital District or Authority
HUNTINGTON MEMORIAL HOSPITAL,100 W  CALIFORNIA BLVD,PASADENA,Acute Care Hospitals,Voluntary non-profit - Private
UCSF MEDICAL CENTER,505 PARNASSUS AVE,SAN FRANCISCO,Acute Care Hospitals,Government - Local
STANFORD HOSPITAL,300 PASTEUR DRIVE,STANFORD,Acute Care Hospitals,Voluntary non-profit - Private
RIDGECREST REGIONAL HOSPITAL,1081 NORTH CHINA LAKE BLVD,RIDGECREST,Acute Care Hospitals,Voluntary non-profit - Private
WEST HILLS HOSPITAL & MEDICAL CENTER,7300 MEDICAL CENTER DR,WEST HILLS,Acute Care Hospitals,Proprietary
SAN JOAQUIN COMMUNITY HOSPITAL,2615 CHESTER AVENUE,BAKERSFIELD,Acute Care Hospitals,Voluntary non-profit - Church
ST MARY'S MEDICAL CENTER,450 STANYAN ST,SAN FRANCISCO,Acute Care Hospitals,Voluntary non-profit - Church
DOCTORS MEDICAL CENTER,1441 FLORIDA AVENUE,MODESTO,Acute Care Hospitals,Proprietary
MEMORIAL HOSPITAL OF GARDENA,1145 W REDONDO BEACH BLVD,GARDENA,Acute Care Hospitals,Proprietary
GOOD SAMARITAN HOSPITAL,1225 WILSHIRE BOULEVARD,LOS ANGELES,Acute Care Hospitals,Proprietary
LONG BEACH MEMORIAL MEDICAL CENTER,2801 ATLANTIC AVE,LONG BEACH,Acute Care Hospitals,Voluntary non-profit - Other
EDEN MEDICAL CENTER,20103 LAKE CHABOT ROAD,CASTRO VALLEY,Acute Care Hospitals,Government - Hospital District or Authority
CLOVIS COMMUNITY MEDICAL CENTER,2755 HERNDON AVE,CLOVIS,Acute Care Hospitals,Voluntary non-profit - Other
JOHN MUIR MEDICAL CENTER - CONCORD CAMPUS,2540 EAST ST,CONCORD,Acute Care Hospitals,Government - Hospital District or Authority
SUTTER AUBURN FAITH HOSPITAL,11815 EDUCATION STREET,AUBURN,Acute Care Hospitals,Voluntary non-profit - Other
SAINT VINCENT MEDICAL CENTER,2131 W 3RD ST,LOS ANGELES,Acute Care Hospitals,Voluntary non-profit - Church
SCRIPPS MEMORIAL HOSPITAL - ENCINITAS,354 SANTA FE DRIVE,ENCINITAS,Acute Care Hospitals,Voluntary non-profit - Private
LOS ROBLES HOSPITAL & MEDICAL CENTER,215 W JANSS RD,THOUSAND OAKS,Acute Care Hospitals,Proprietary
SIERRA VISTA REGIONAL MEDICAL CENTER,1010 MURRAY ST,SAN LUIS OBISPO,Acute Care Hospitals,Proprietary
KAISER FOUNDATION HOSPITAL,99 MONTECILLO RD,SAN RAFAEL,Acute Care Hospitals,Voluntary non-profit - Other
SUTTER DAVIS HOSPITAL,2000 SUTTER PLACE,DAVIS,Acute Care Hospitals,Proprietary
KAISER FOUNDATION HOSPITAL FREMONT/HAYWARD,27400 HESPERIAN BLVD,HAYWARD,Acute Care Hospitals,Voluntary non-profit - Other
KAISER FOUNDATION HOSPITAL - SAN DIEGO,4647 ZION AVE,SAN DIEGO,Acute Care Hospitals,Voluntary non-profit - Other
BELLFLOWER MEDICAL CENTER,9542 E ARTESIA BLVD,BELLFLOWER,Acute Care Hospitals,Proprietary
VICTOR VALLEY COMMUNITY HOSPITAL,15248 11TH ST,VICTORVILLE,Acute Care Hospitals,Voluntary non-profit - Other
SUTTER DELTA MEDICAL CENTER,3901 LONE TREE WAY,ANTIOCH,Acute Care Hospitals,Voluntary non-profit - Private
LOS ALAMITOS MEDICAL CENTER,3751 KATELLA AVENUE,LOS ALAMITOS,Acute Care Hospitals,Proprietary
HUNTINGTON BEACH HOSPITAL,17772 BEACH BLVD,HUNTINGTON BEACH,Acute Care Hospitals,Proprietary
MEMORIAL HOSPITAL LOS BANOS,520 WEST I ST,LOS BANOS,Acute Care Hospitals,Voluntary non-profit - Other
JOHN F KENNEDY MEMORIAL HOSPITAL INC,47-111 MONROE STREET,INDIO,Acute Care Hospitals,Proprietary
KAISER FOUNDATION HOSPITAL - REDWOOD CITY,1150 VETERANS BLVD,REDWOOD CITY,Acute Care Hospitals,Voluntary non-profit - Other
COLLEGE HOSPITAL COSTA MESA,301 VICTORIA STREET,COSTA MESA,Acute Care Hospitals,Proprietary
SONOMA DEVELOPMENTAL CENTER,P O BOX 1493,ELDRIDGE,Acute Care Hospitals,Government - State
MOTION PICTURE & TELEVISION HOSPITAL,23388 MULHOLLAND DRIVE,WOODLAND HILLS,Acute Care Hospitals,Voluntary non-profit - Other
MEMORIAL  MEDICAL CENTER,1700 COFFEE RD,MODESTO,Acute Care Hospitals,Voluntary non-profit - Other
KAISER FOUNDATION HOSPITAL - WEST LA,6041 CADILLAC AVE,LOS ANGELES,Acute Care Hospitals,Voluntary non-profit - Private
MISSION HOSPITAL REGIONAL MED CENTER,27700 MEDICAL CENTER RD,MISSION VIEJO,Acute Care Hospitals,Proprietary
MADERA COMMUNITY HOSPITAL,1250 E ALMOND AVE,MADERA,Acute Care Hospitals,Voluntary non-profit - Other
FOUNTAIN VALLEY REGIONAL HOSPITAL & MEDICAL CENTER,17100 EUCLID STREET,FOUNTAIN VALLEY,Acute Care Hospitals,Proprietary
EISENHOWER MEDICAL CENTER,39-000 BOB HOPE DRIVE,RANCHO MIRAGE,Acute Care Hospitals,Proprietary
TRI-CITY REGIONAL MEDICAL CENTER,21530 S PIONEER BLVD,HAWAIIAN GARDENS,Acute Care Hospitals,Government - Hospital District or Authority
LAKEWOOD REGIONAL MEDICAL CENTER,3700 E SOUTH ST,LAKEWOOD,Acute Care Hospitals,Proprietary
SAN DIMAS COMMUNITY HOSPITAL,1350 W COVINA BLVD,SAN DIMAS,Acute Care Hospitals,Proprietary
PLACENTIA LINDA HOSPITAL,1301 N ROSE DRIVE,PLACENTIA,Acute Care Hospitals,Proprietary
METHODIST HOSPITAL OF SACRAMENTO,7500 HOSPITAL DRIVE,SACRAMENTO,Acute Care Hospitals,Voluntary non-profit - Other
FOOTHILL PRESBYTERIAN HOSPITAL,250 S GRAND AVE,GLENDORA,Acute Care Hospitals,Voluntary non-profit - Private
UNIV OF CALIFORNIA DAVIS MED CENTER,2315 STOCKTON BLVD,SACRAMENTO,Acute Care Hospitals,Voluntary non-profit - Other
SADDLEBACK MEMORIAL MEDICAL CENTER,24451 HEALTH CENTER DRIVE,LAGUNA HILLS,Acute Care Hospitals,Voluntary non-profit - Private
KAISER FOUNDATION HOSPITAL-SAN JOSE,250 HOSPITAL PARKWAY,SAN JOSE,Acute Care Hospitals,Voluntary non-profit - Private
DELANO REGIONAL MEDICAL CENTER,1401 GARCES HIGHWAY,DELANO,Acute Care Hospitals,Proprietary
KAISER FOUNDATION HOSPITAL ANAHEIM,441 N LAKEVIEW AVENUE,ANAHEIM,Acute Care Hospitals,Voluntary non-profit - Other
ORANGE COAST MEMORIAL MEDICAL CENTER,9920 TALBERT AVENUE,FOUNTAIN VALLEY,Acute Care Hospitals,Voluntary non-profit - Private
ST JOHN'S PLEASANT VALLEY HOSPITAL,2309 ANTONIO AVE,CAMARILLO,Acute Care Hospitals,Voluntary non-profit - Church
BEAR VALLEY COMMUNITY HOSPITAL,41870 GARSTIN DR,BIG BEAR LAKE,Acute Care Hospitals,Voluntary non-profit - Church
HENRY MAYO NEWHALL MEMORIAL HOSPITAL,23845 W MCBEAN PKWY,VALENCIA,Acute Care Hospitals,Voluntary non-profit - Private
CEDARS-SINAI MEDICAL CENTER,8700 BEVERLY BLVD,LOS ANGELES,Acute Care Hospitals,Voluntary non-profit - Other
NORTHBAY VACAVALLEY HOSPITAL,1000 NUT TREE ROAD,VACAVILLE,Acute Care Hospitals,Voluntary non-profit - Private
TWIN CITIES COMMUNITY HOSPITAL,1100 LAS TABLAS RD,TEMPLETON,Acute Care Hospitals,Proprietary
POMERADO HOSPITAL,15615 POMERADO ROAD,POWAY,Acute Care Hospitals,Government - Hospital District or Authority
EAST LOS ANGELES DOCTORS HOSPITAL,4060 WHITTIER BLVD,LOS ANGELES,Acute Care Hospitals,Proprietary
LOS ANGELES METROPOLITAN MEDICAL CTR,2231 S WESTERN AVE,LOS ANGELES,Acute Care Hospitals,Proprietary
USC KENNETH NORRIS JR CANCER HOSPITAL,1441 EASTLAKE AVE,LOS ANGELES,Acute Care Hospitals,Voluntary non-profit - Other
LOS ANGELES COMMUNITY HOSPITAL,4081 E OLYMPIC BLVD,LOS ANGELES,Acute Care Hospitals,Proprietary
PATIENTS' HOSPITAL OF REDDING,2900 EUREKA WAY,REDDING,Acute Care Hospitals,Proprietary
LAGUNA HONDA HOSPITAL & REHABILITATION CENTER,375 LAGUNA HONDA BLVD,SAN FRANCISCO,Acute Care Hospitals,Government - Local
KAISER FOUNDATION HOSP SO SACRAMENTO,6600 BRUCEVILLE ROAD,SACRAMENTO,Acute Care Hospitals,Voluntary non-profit - Other
KAISER FOUNDATION HOSPITAL - WOODLAND HILLS,5601 DE SOTO,WOODLAND HILLS,Acute Care Hospitals,Voluntary non-profit - Private
KINGSBURG MEDICAL CENTER,1200 SMITH ST,KINGSBURG,Acute Care Hospitals,Government - Hospital District or Authority
MENIFEE VALLEY MEDICAL CENTER,28400 MCCALL B0ULEVARD,SUN CITY,Acute Care Hospitals,Government - Hospital District or Authority
KAISER FOUNDATION HOSPITAL RIVERSIDE,10800 MAGNOLIA AVENUE,RIVERSIDE,Acute Care Hospitals,Government - Hospital District or Authority
SAN RAMON REGIONAL MEDICAL CTR,6001 NORRIS CANYON ROAD,SAN RAMON,Acute Care Hospitals,Proprietary
KAISER FOUNDATION HOSPITAL-SANTA ROSA,401 BICENTENNIAL WAY,SANTA ROSA,Acute Care Hospitals,Voluntary non-profit - Other
MORENO VALLEY COMMUNITY HOSPITAL,27300 IRIS AVENUE,MORENO VALLEY,Acute Care Hospitals,Government - Hospital District or Authority
USC UNIVERSITY HOSPITAL,1500 SAN PABLO ST,LOS ANGELES,Acute Care Hospitals,Voluntary non-profit - Other
SOUTHWEST HEALTHCARE SYSTEM,25500 MEDICAL CENTER DRIVE,MURRIETA,Acute Care Hospitals,Voluntary non-profit - Private
MISSION COMMUNITY HOSPITAL - PANORAMA,14850 ROSCOE BLVD,PANORAMA CITY,Acute Care Hospitals,Voluntary non-profit - Private
FRESNO SURGICAL HOSPITAL,6125 NORTH FRESNO ST,FRESNO,Acute Care Hospitals,Voluntary non-profit - Private
DESERT VALLEY HOSPITAL,16850 BEAR VALLEY RD,VICTORVILLE,Acute Care Hospitals,Proprietary
KAISER FOUNDATION HOSPITAL - FRESNO,7300 NORTH FRESNO ST,FRESNO,Acute Care Hospitals,Voluntary non-profit - Private
SUTTER MATERNITY & SURGERY CENTER OF SANTA CRUZ,2900 CHANTICLEER AVENUE,SANTA CRUZ,Acute Care Hospitals,Voluntary non-profit - Private
LAC/RANCHO LOS AMIGOS NATIONAL MED CTR,7601 EAST IMPERIAL HIGHWAY,DOWNEY,Acute Care Hospitals,Government - Local
SHARP MARY BIRCH HOSPITAL FOR WOMEN AND NEWBORNS--,3003 HEALTH CENTER DRIVE,SAN DIEGO,Acute Care Hospitals,Voluntary non-profit - Private
KAISER FOUNDATION HOSPITAL - BALDWIN PARK,1011 BALDWIN PARK BLVD,BALDWIN PARK,Acute Care Hospitals,Voluntary non-profit - Other
BAKERSFIELD HEART HOSPITAL,3001 SILLECT AVENUE,BAKERSFIELD,Acute Care Hospitals,Proprietary
STANISLAUS SURGICAL HOSPITAL,1421 OAKDALE ROAD,MODESTO,Acute Care Hospitals,Proprietary
COMMUNITY HOSPITAL OF LONG BEACH,1720 TERMINO AVENUE,LONG BEACH,Acute Care Hospitals,Voluntary non-profit - Private
FRESNO HEART AND SURGICAL HOSPITAL,15 EAST AUDUBON DRIVE,FRESNO,Acute Care Hospitals,Voluntary non-profit - Private
WHITTIER HOSPITAL MEDICAL CENTER,9080 COLIMA RD,WHITTIER,Acute Care Hospitals,Proprietary
MONTEREY PARK HOSPITAL,900 S ATLANTIC BLVD,MONTEREY PARK,Acute Care Hospitals,Proprietary
GARFIELD MEDICAL CENTER,525 N GARFIELD AVE,MONTEREY PARK,Acute Care Hospitals,Proprietary
GREATER EL MONTE COMMUNITY HOSPITAL,1701 SANTA ANITA AVE,SOUTH EL MONTE,Acute Care Hospitals,Voluntary non-profit - Private
CENTINELA HOSPITAL MEDICAL CENTER,555 EAST HARDY STREET,INGLEWOOD,Acute Care Hospitals,Proprietary
MARINA DEL REY HOSPITAL,4650 LINCOLN BLVD,MARINA DEL REY,Acute Care Hospitals,Proprietary
OLYMPIA MEDICAL CENTER,5900 WEST OLYMPIC BOULEVARD,LOS ANGELES,Acute Care Hospitals,Proprietary
WESTERN MEDICAL CENTER HOSP ANAHEIM,1025 S ANAHEIM BLVD,ANAHEIM,Acute Care Hospitals,Proprietary
ROSE MEDICAL CENTER,4567 E 9TH AVENUE,DENVER,Acute Care Hospitals,Proprietary
PROVIDENCE TARZANA MEDICAL CENTER,18321 CLARK STREET,TARZANA,Acute Care Hospitals,Voluntary non-profit - Private
NORTHERN INYO HOSPITAL,150 PIONEER LANE,BISHOP,Critical Access Hospitals,Government - Hospital District or Authority
MENDOCINO COAST DISTRICT HOSPITAL,700 RIVER DR,FORT BRAGG,Critical Access Hospitals,Government - Hospital District or Authority
CENTURA HEALTH-PENROSE ST FRANCIS HEALTH SERVICES,2222 N NEVADA AVE,COLORADO SPRINGS,Acute Care Hospitals,Voluntary non-profit - Private
ST VINCENT GENERAL HOSPITAL DISTRICT,822 W 4TH STREET,LEADVILLE,Critical Access Hospitals,Government - Local
PROVIDENCE HOSPITAL,1150 VARNUM ST NE,WASHINGTON,Acute Care Hospitals,Voluntary non-profit - Private
UNITED MEDICAL CENTER,1310 SOUTHERN AVENUE  SE,WASHINGTON,Acute Care Hospitals,Proprietary
NAPLES COMMUNITY HOSPITAL,350 7TH ST N,NAPLES,Acute Care Hospitals,Voluntary non-profit - Other
HOLMES REGIONAL MEDICAL CENTER,1350 S HICKORY ST,MELBOURNE,Acute Care Hospitals,Voluntary non-profit - Private
BROWARD GENERAL MEDICAL CENTER,1600 S ANDREWS AVE,FORT LAUDERDALE,Acute Care Hospitals,Government - Hospital District or Authority
TAHOE FOREST HOSPITAL,10121 PINE AVE,TRUCKEE,Critical Access Hospitals,Government - Hospital District or Authority
CHAPMAN MEDICAL CENTER,2601 E CHAPMAN AVE,ORANGE,Acute Care Hospitals,Proprietary
WESTERN MEDICAL CENTER SANTA ANA,1001 NORTH TUSTIN AVENUE,SANTA ANA,Acute Care Hospitals,Proprietary
COASTAL COMMUNITIES HOSPITAL,2701 S BRISTOL ST,SANTA ANA,Acute Care Hospitals,Proprietary
KAISER FOUNDATION HOSPITAL MANTECA,1777 WEST YOSEMITE AVE,MANTECA,Acute Care Hospitals,Voluntary non-profit - Private
THOUSAND OAKS SURGICAL HOSPITAL,401 ROLLING OAKS DR,THOUSAND OAKS,Acute Care Hospitals,Proprietary
MIRACLE MILE MEDICAL CENTER,6000 SAN VICENTE BLVD,LOS ANGELES,Acute Care Hospitals,Proprietary
BROTMAN MEDICAL CENTER,3828 DELMAS TERRACE,CULVER CITY,Acute Care Hospitals,Proprietary
MENLO PARK SURGICAL HOSPITAL,570 WILLOW ROAD,MENLO PARK,Acute Care Hospitals,Voluntary non-profit - Private
MONTCLAIR HOSPITAL MEDICAL CENTER,5000 SAN BERNARDINO ST,MONTCLAIR,Acute Care Hospitals,Voluntary non-profit - Private
SHERMAN OAKS HOSPITAL,4929 VAN NUYS BLVD,SHERMAN OAKS,Acute Care Hospitals,Proprietary
ALVARADO HOSPITAL,6655 ALVARADO ROAD,SAN DIEGO,Acute Care Hospitals,Proprietary
KAISER FOUNDATION HOSPITAL - ANTIOCH,4501 SAND CREEK ROAD,ANTIOCH,Acute Care Hospitals,Voluntary non-profit - Private
SILVER LAKE MEDICAL CENTER,1711 WEST TEMPLE STREET,LOS ANGELES,Acute Care Hospitals,Proprietary
SHASTA REGIONAL MEDICAL CENTER,1100 BUTTE ST,REDDING,Acute Care Hospitals,Voluntary non-profit - Private
SUTTER SURGICAL HOSPITAL - NORTH VALLEY,455 PLUMAS BLVD,YUBA CITY,Acute Care Hospitals,Proprietary
VA SAN DIEGO HEALTHCARE SYSTEM,3350 LA JOLLA VILLAGE DRIVE,SAN DIEGO,Acute Care - VA Medical Center,Government Federal
VA GREATER LOS ANGELES HEALTHCARE SYSTEM,11301 WILSHIRE BLVD.,WEST LOS ANGELES,Acute Care - VA Medical Center,Government Federal
LOMA LINDA VA MEDICAL CENTER,11201 BENTON STREET,LOMA LINDA,Acute Care - VA Medical Center,Government Federal
MEDICAL CENTER OF AURORA THE,1501 S POTOMAC ST,AURORA,Acute Care Hospitals,Proprietary
TEHACHAPI HOSPITAL,115 WEST E STREET,TEHACHAPI,Critical Access Hospitals,Government - Hospital District or Authority
SOUTHERN INYO HOSPITAL,501 EAST LOCUST STREET,LONE PINE,Critical Access Hospitals,Government - Hospital District or Authority
JOHN C FREMONT HEALTHCARE DISTRICT,5189 HOSPITAL ROAD,MARIPOSA,Critical Access Hospitals,Government - Hospital District or Authority
SURPRISE VALLEY COMMUNITY HOSPITAL,MAIN AND WASHING PO BOX 246,CEDARVILLE,Critical Access Hospitals,Government - Hospital District or Authority
MAYERS MEMORIAL HOSPITAL,43563 HWY 299 EAST,FALL RIVER MILLS,Critical Access Hospitals,Government - Hospital District or Authority
GLENN MEDICAL CENTER,1133 W SYCAMORE ST,WILLOWS,Critical Access Hospitals,Voluntary non-profit - Private
CATALINA ISLAND MEDICAL CENTER,100 FALLS CANYON ROAD,AVALON,Critical Access Hospitals,Voluntary non-profit - Private
JEROLD PHELPS COMMUNITY HOSPITAL,733 CEDAR ST,GARBERVILLE,Critical Access Hospitals,Government - Hospital District or Authority
FRANK R HOWARD MEMORIAL HOSPITAL,1 MADRONE STREET,WILLITS,Critical Access Hospitals,Voluntary non-profit - Church
BIGGS GRIDLEY MEMORIAL HOSPITAL,240 SPRUCE STREET,GRIDLEY,Critical Access Hospitals,Voluntary non-profit - Private
MOUNTAINS COMMUNITY HOSPITAL,29101 HOSPITAL ROAD,LAKE ARROWHEAD,Critical Access Hospitals,Government - Hospital District or Authority
KERN VALLEY HEALTHCARE DISTRICT,6412 LAUREL AVE,LAKE ISABELLA,Critical Access Hospitals,Government - Hospital District or Authority
TRINITY HOSPITAL,60 EASTER AVENUE,WEAVERVILLE,Critical Access Hospitals,Government - Local
FAIRCHILD MEDICAL CENTER,444 BRUCE STREET,YREKA,Critical Access Hospitals,Voluntary non-profit - Other
REDWOOD MEMORIAL HOSPITAL,3300 RENNER DRIVE,FORTUNA,Critical Access Hospitals,Voluntary non-profit - Private
ST HELENA HOSPTIAL-CLEARLAKE,15630 18TH AVE - HWY 53,CLEARLAKE,Critical Access Hospitals,Voluntary non-profit - Private
PLUMAS DISTRICT HOSPITAL,1065 BUCKS LAKE ROAD,QUINCY,Critical Access Hospitals,Government - Hospital District or Authority
MERCY MEDICAL CENTER MT SHASTA,914 PINE STREET,MOUNT SHASTA,Critical Access Hospitals,Voluntary non-profit - Other
BANNER LASSEN MEDICAL CENTER,1800 SPRING RIDGE DRIVE,SUSANVILLE,Critical Access Hospitals,Proprietary
HEALDSBURG DISTRICT HOSPITAL,1375 UNIVERSITY STREET,HEALDSBURG,Critical Access Hospitals,Government - Hospital District or Authority
COLORADO RIVER MEDICAL CENTER,1401 BAILEY AVE,NEEDLES,Critical Access Hospitals,Voluntary non-profit - Private
SUTTER LAKESIDE HOSPITAL,5176 HILL ROAD EAST,LAKEPORT,Critical Access Hospitals,Voluntary non-profit - Other
CHILDRENS HOSP OF LOS ANGELES,4650 SUNSET BLVD,LOS ANGELES,Childrens,Voluntary non-profit - Other
LUCILE SALTER PACKARD CHILDREN'S HSP AT STANFORD,725 WELCH ROAD,PALO ALTO,Childrens,Voluntary non-profit - Private
MILLER CHILDREN'S HOSPITAL,2801 ATLANTIC AVENUE,LONG BEACH,Childrens,Voluntary non-profit - Other
NORTH COLORADO MEDICAL CENTER,1801 16TH STREET,GREELEY,Acute Care Hospitals,Voluntary non-profit - Private
PLATTE VALLEY MEDICAL CENTER,1600 PRAIRIE CENTER PARKWAY,BRIGHTON,Acute Care Hospitals,Voluntary non-profit - Private
LONGMONT UNITED HOSPITAL,1950 MOUNTAIN VIEW AVENUE,LONGMONT,Acute Care Hospitals,Voluntary non-profit - Other
MONTROSE MEMORIAL HOSPITAL,800 S 3RD ST,MONTROSE,Acute Care Hospitals,Government - Local
EXEMPLA LUTHERAN MEDICAL CENTER,8300 W 38TH AVE,WHEAT RIDGE,Acute Care Hospitals,Voluntary non-profit - Private
SAN LUIS VALLEY REGIONAL MEDICAL CENTER,106 BLANCA AVE,ALAMOSA,Acute Care Hospitals,Voluntary non-profit - Private
PRESBYTERIAN/ST LUKE'S MEDICAL CENTER,1719 E 19TH AVE,DENVER,Acute Care Hospitals,Government - State
POUDRE VALLEY HOSPITAL,1024 S LEMAY AVE,FORT COLLINS,Acute Care Hospitals,Voluntary non-profit - Private
DENVER HEALTH MEDICAL CENTER,777 BANNOCK ST,DENVER,Acute Care Hospitals,Government - Hospital District or Authority
ANIMAS SURGICAL HOSPITAL LLC,575 RIVERGATE LANE,DURANGO,Acute Care Hospitals,Proprietary
CENTURA HEALTH-ST MARY CORWIN MEDICAL CENTER,1008 MINNEQUA AVE,PUEBLO,Acute Care Hospitals,Voluntary non-profit - Church
MERCY REGIONAL MEDICAL CENTER,1010 THREE SPRINGS BLVD,DURANGO,Acute Care Hospitals,Voluntary non-profit - Church
CENTURA HEALTH-ST ANTHONY CENTRAL HOSPITAL,4231 W 16TH AVE,DENVER,Acute Care Hospitals,Voluntary non-profit - Church
CENTURA HEALTH-ST THOMAS MORE HOSP & PROG CARE CTR,1338 PHAY AVE,CANON CITY,Acute Care Hospitals,Voluntary non-profit - Church
PARKVIEW MEDICAL CENTER INC,400 W 16TH STREET,PUEBLO,Acute Care Hospitals,Voluntary non-profit - Private
MEMORIAL HOSPITAL CENTRAL,1400 E BOULDER ST,COLORADO SPRINGS,Acute Care Hospitals,Government - Local
ST MARY'S HOSPITAL AND MEDICAL CENTER,2635 N 7TH STREET,GRAND JUNCTION,Acute Care Hospitals,Voluntary non-profit - Church
UNIVERSITY OF COLORADO HOSPITAL ANSCHUTZ INPATIENT,12605 EAST 16TH AVENUE,AURORA,Acute Care Hospitals,Government - Hospital District or Authority
BOULDER COMMUNITY HOSPITAL,1100 BALSAM AVENUE,BOULDER,Acute Care Hospitals,Voluntary non-profit - Other
EXEMPLA SAINT JOSEPH HOSPITAL,1835 FRANKLIN ST,DENVER,Acute Care Hospitals,Voluntary non-profit - Private
MCKEE MEDICAL CENTER,2000 BOISE AVE,LOVELAND,Acute Care Hospitals,Voluntary non-profit - Private
SWEDISH MEDICAL CENTER,501 E HAMPDEN AVENUE,ENGLEWOOD,Acute Care Hospitals,Voluntary non-profit - Other
ARKANSAS VALLEY REGIONAL MEDICAL CENTER,1100 CARSON AVENUE,LA JUNTA,Acute Care Hospitals,Voluntary non-profit - Private
KEEFE MEMORIAL HOSPITAL,602 N 6TH W ST,CHEYENNE WELLS,Acute Care Hospitals,Government - Local
COLORADO PLAINS MEDICAL CENTER,1000 LINCOLN ST,FORT MORGAN,Acute Care Hospitals,Voluntary non-profit - Other
YAMPA VALLEY MEDICAL CENTER,1024 CENTRAL PARK DR,STEAMBOAT SPRINGS,Acute Care Hospitals,Voluntary non-profit - Private
COMMUNITY HOSPITAL,2021 N 12TH ST,GRAND JUNCTION,Acute Care Hospitals,Voluntary non-profit - Private
VA EASTERN COLORADO HEALTHCARE SYSTEM,1055 CLERMONT STREET,DENVER,Acute Care - VA Medical Center,Government Federal
CENTURA HEALTH-PORTER ADVENTIST HOSPITAL,2525 S DOWNING ST,DENVER,Acute Care Hospitals,Voluntary non-profit - Church
NORTH SUBURBAN MEDICAL CENTER,9191 GRANT ST,THORNTON,Acute Care Hospitals,Voluntary non-profit - Private
DELTA COUNTY MEMORIAL HOSPITAL,1501 E 3RD STREET,DELTA,Acute Care Hospitals,Government - Hospital District or Authority
VALLEY VIEW HOSPITAL ASSOCIATION,1906 BLAKE AVE,GLENWOOD SPRINGS,Acute Care Hospitals,Government - Local
STERLING REGIONAL MEDCENTER,615 FAIRHURST ST,STERLING,Acute Care Hospitals,Voluntary non-profit - Private
VAIL VALLEY MEDICAL CENTER,181 W MEADOW DRIVE,VAIL,Acute Care Hospitals,Voluntary non-profit - Other
GRAND JUNCTION VA MEDICAL CENTER,2121 N. AVENUE,GRAND JUNCTION,Acute Care - VA Medical Center,Government Federal
CENTURA HEALTH-AVISTA ADVENTIST HOSPITAL,100 HEALTH PARK DRIVE,LOUISVILLE,Acute Care Hospitals,Voluntary non-profit - Church
CENTURA HEALTH-ST ANTHONY NORTH HOSPITAL,2551 W 84TH AVENUE,WESTMINSTER,Acute Care Hospitals,Voluntary non-profit - Church
NATIONAL JEWISH HEALTH,1400 JACKSON ST,DENVER,Acute Care Hospitals,Voluntary non-profit - Private
MOUNT SINAI MEDICAL CENTER,4300 ALTON RD,MIAMI BEACH,Acute Care Hospitals,Proprietary
SKY RIDGE MEDICAL CENTER,10101 RIDGE GATE PARKWAY,LONE TREE,Acute Care Hospitals,Proprietary
CENTURA HEALTH-LITTLETON ADVENTIST HOSPITAL,7700 S BROADWAY,LITTLETON,Acute Care Hospitals,Voluntary non-profit - Church
PARKER ADVENTIST HOSPITAL,9395 CROWN CREST BLVD,PARKER,Acute Care Hospitals,Voluntary non-profit - Church
EXEMPLA GOOD SAMARITAN MEDICAL CENTER LLC,200 EXEMPLA CIRCLE,LAFAYETTE,Acute Care Hospitals,Voluntary non-profit - Private
ST ANTHONY SUMMIT MEDICAL CENTER,340 PEAK ONE DRIVE,FRISCO,Acute Care Hospitals,Voluntary non-profit - Church
MEDICAL CENTER OF THE ROCKIES,2500 ROCKY MOUNTAIN AVENUE,LOVELAND,Acute Care Hospitals,Voluntary non-profit - Private
COLORADO ORTHOPAEDIC AND SURGICAL HOSPITAL,1830 FRANKLIN STREET SUITE 200,DENVER,Acute Care Hospitals,Voluntary non-profit - Private
RIO GRANDE HOSPITAL,0310 COUNTY RD 14,DEL NORTE,Critical Access Hospitals,Voluntary non-profit - Private
EAST MORGAN COUNTY HOSPITAL DISTRICT,2400 W EDISON ST,BRUSH,Critical Access Hospitals,Government - Hospital District or Authority
TWIN CITIES HOSPITAL,2190 HIGHWAY 85 NORTH,NICEVILLE,Acute Care Hospitals,Proprietary
MELISSA MEMORIAL HOSPITAL,1001 E JOHNSON STREET,HOLYOKE,Critical Access Hospitals,Government - Hospital District or Authority
RANGELY DISTRICT HOSPITAL,511 S WHITE AVE,RANGELY,Critical Access Hospitals,Government - Hospital District or Authority
WRAY COMMUNITY DISTRICT HOSPITAL,1017 W 7TH ST,WRAY,Critical Access Hospitals,Government - Hospital District or Authority
ESTES PARK MEDICAL CENTER,555 PROSPECT AVENUE,ESTES PARK,Critical Access Hospitals,Government - Hospital District or Authority
KIT CARSON COUNTY MEMORIAL HOSPITAL,286 16TH STREET,BURLINGTON,Critical Access Hospitals,Government - Hospital District or Authority
MEMORIAL HOSPITAL THE,750 HOSPITAL LOOP,CRAIG,Critical Access Hospitals,Government - Local
BRIDGEPORT HOSPITAL,267 GRANT STREET,BRIDGEPORT,Acute Care Hospitals,Voluntary non-profit - Private
YUMA DISTRICT HOSPITAL - CAH,1000 WEST 8TH AVENUE,YUMA,Critical Access Hospitals,Government - Hospital District or Authority
SPANISH PEAKS REGIONAL HEALTH CENTER,23500 US HWY 160,WALSENBURG,Critical Access Hospitals,Government - Hospital District or Authority
GRAND RIVER MEDICAL CENTER,501 AIRPORT ROAD,RIFLE,Critical Access Hospitals,Government - Hospital District or Authority
ST FRANCIS HOSPITAL & MEDICAL CENTER,114 WOODLAND STREET,HARTFORD,Acute Care Hospitals,Voluntary non-profit - Church
GUNNISON VALLEY HOSPITAL,711 N TAYLOR STREET,GUNNISON,Critical Access Hospitals,Government - Local
PROWERS MEDICAL CENTER,401 KENDALL DRIVE,LAMAR,Critical Access Hospitals,Government - Hospital District or Authority
MT SAN RAFAEL HOSPITAL,410 BENEDICTA AVENUE,TRINIDAD,Critical Access Hospitals,Voluntary non-profit - Private
PIKES PEAK REGIONAL HOSPITAL,16420 HIGHWAY 24,WOODLAND PARK,Critical Access Hospitals,Voluntary non-profit - Private
HEART OF THE ROCKIES REGIONAL MEDICAL CENTER,1000 RUSH DRIVE,SALIDA,Critical Access Hospitals,Government - Hospital District or Authority
ASPEN VALLEY HOSPITAL,0401 CASTLE CREEK ROAD,ASPEN,Critical Access Hospitals,Government - Hospital District or Authority
LAKE WALES MEDICAL CENTER,410 S 11TH ST,LAKE WALES,Acute Care Hospitals,Proprietary
PIONEERS MEDICAL CENTER,345 CLEVELAND STREET,MEEKER,Critical Access Hospitals,Government - Hospital District or Authority
PAGOSA MOUNTAIN HOSPITAL,95 SOUTH PAGOSA BOULEVARD,PAGOSA SPRINGS,Critical Access Hospitals,Government - Hospital District or Authority
SOUTHWEST MEMORIAL HOSPITAL,1311 N MILDRED RD,CORTEZ,Critical Access Hospitals,Voluntary non-profit - Private
HOSPITAL OF ST RAPHAEL,1450 CHAPEL ST,NEW HAVEN,Acute Care Hospitals,Government - Hospital District or Authority
CHILDRENS HOSPITAL ASSOCIATION THE,13123 EAST 16TH AVENUE,AURORA,Childrens,Voluntary non-profit - Private
DAY KIMBALL HOSPITAL,320 POMFRET STREET,PUTNAM,Acute Care Hospitals,Voluntary non-profit - Private
SHARON HOSPITAL,50 HOSPITAL HILL ROAD PO BOX 789,SHARON,Acute Care Hospitals,Proprietary
WATERBURY HOSPITAL,64 ROBBINS ST,WATERBURY,Acute Care Hospitals,Voluntary non-profit - Private
STAMFORD HOSPITAL,SHELBURNE RD & WEST BROAD ST,STAMFORD,Acute Care Hospitals,Voluntary non-profit - Private
LAWRENCE & MEMORIAL HOSPITAL,365 MONTAUK AVE,NEW LONDON,Acute Care Hospitals,Government - Hospital District or Authority
JOHNSON MEMORIAL HOSPITAL,201 CHESTNUT HILL RD,STAFFORD SPRINGS,Acute Care Hospitals,Voluntary non-profit - Other
CHARLOTTE HUNGERFORD HOSPITAL,540 LITCHFIELD ST,TORRINGTON,Acute Care Hospitals,Voluntary non-profit - Private
ROCKVILLE GENERAL HOSPITAL,31 UNION ST,ROCKVILLE,Acute Care Hospitals,Voluntary non-profit - Other
NEW MILFORD HOSPITAL,21 ELM ST,NEW MILFORD,Acute Care Hospitals,Voluntary non-profit - Private
SAINT MARYS HOSPITAL,56 FRANKLIN ST,WATERBURY,Acute Care Hospitals,Voluntary non-profit - Church
MIDSTATE MEDICAL CENTER,435 LEWIS AVE,MERIDEN,Acute Care Hospitals,Voluntary non-profit - Private
GREENWICH HOSPITAL ASSOCIATION,5 PERRYRIDGE RD,GREENWICH,Acute Care Hospitals,Voluntary non-profit - Private
MILFORD HOSPITAL INC,300 SEASIDE AVENUE,MILFORD,Acute Care Hospitals,Government - Federal
YALE-NEW HAVEN HOSPITAL,20 YORK ST,NEW HAVEN,Acute Care Hospitals,Voluntary non-profit - Private
MIDDLESEX HOSPITAL,28 CRESCENT ST,MIDDLETOWN,Acute Care Hospitals,Government - Federal
WINDHAM COMM MEM HOSP & HATCH HOSP,112 MANSFIELD AVE,WILLIMANTIC,Acute Care Hospitals,Voluntary non-profit - Private
WILLIAM W BACKUS HOSPITAL,326 WASHINGTON ST,NORWICH,Acute Care Hospitals,Voluntary non-profit - Other
ST VINCENT'S MEDICAL CENTER,2800 MAIN ST,BRIDGEPORT,Acute Care Hospitals,Voluntary non-profit - Church
HARTFORD HOSPITAL,80 SEYMOUR STREET,HARTFORD,Acute Care Hospitals,Voluntary non-profit - Private
JOHN DEMPSEY HOSPITAL,263 FARMINGTON AVE,FARMINGTON,Acute Care Hospitals,Government - Local
MANCHESTER MEMORIAL HOSPITAL,71 HAYNES ST,MANCHESTER,Acute Care Hospitals,Voluntary non-profit - Private
BRISTOL HOSPITAL,BREWSTER RD,BRISTOL,Acute Care Hospitals,Voluntary non-profit - Private
GRIFFIN HOSPITAL,130 DIVISION ST,DERBY,Acute Care Hospitals,Voluntary non-profit - Other
DANBURY HOSPITAL,24 HOSPITAL AVE,DANBURY,Acute Care Hospitals,Voluntary non-profit - Private
NORWALK HOSPITAL ASSOCIATION,24 STEVENS STREET,NORWALK,Acute Care Hospitals,Voluntary non-profit - Church
HOSPITAL OF CENTRAL CONNECTICUT THE,100 GRAND STREET,NEW BRITAIN,Acute Care Hospitals,Voluntary non-profit - Other
LEHIGH REGIONAL MEDICAL CENTER,1500 LEE BLVD,LEHIGH ACRES,Acute Care Hospitals,Proprietary
MASONIC HOME AND HOSPITAL,22 MASONIC AVE,WALLINGFORD,Acute Care Hospitals,Voluntary non-profit - Other
WEST HAVEN VA MEDICAL CENTER,950 CAMPBELL AVENUE,WEST HAVEN,Acute Care - VA Medical Center,Government Federal
HEBREW HOME AND HOSPITAL INC,1 ABRAHMS BOULEVARD,WEST HARTFORD,Acute Care Hospitals,Voluntary non-profit - Private
CONNECTICUT CHILDRENS MEDICAL CENTER,282 WASHINGTON STREET,HARTFORD,Childrens,Voluntary non-profit - Private
CHRISTIANA HOSPITAL,4755 OGLETOWN-STANTON ROAD,NEWARK,Acute Care Hospitals,Voluntary non-profit - Private
ST FRANCIS HOSPITAL,7TH AND CLAYTON STS,WILMINGTON,Acute Care Hospitals,Voluntary non-profit - Church
BAYHEALTH MEDICAL CENTER,640 S STATE STREET,DOVER,Acute Care Hospitals,Voluntary non-profit - Other
CORAL GABLES HOSPITAL,3100 DOUGLAS RD,CORAL GABLES,Acute Care Hospitals,Proprietary
NANTICOKE MEMORIAL HOSPITAL,801 MIDDLEFORD RD,SEAFORD,Acute Care Hospitals,Voluntary non-profit - Private
HOWARD UNIVERSITY HOSPITAL,2041 GEORGIA AVE NW,WASHINGTON,Acute Care Hospitals,Voluntary non-profit - Other
BEEBE MEDICAL CENTER,424 SAVANNAH RD,LEWES,Acute Care Hospitals,Proprietary
WILMINGTON VA MEDICAL CENTER,1601 KIRKWOOD HIGHWAY,WILMINGTON,Acute Care - VA Medical Center,Government Federal
PALMETTO GENERAL HOSPITAL,2001 W 68TH ST,HIALEAH,Acute Care Hospitals,Proprietary
GEORGE WASHINGTON UNIV HOSPITAL,900 23RD ST NW,WASHINGTON,Acute Care Hospitals,Voluntary non-profit - Other
OCALA REGIONAL MEDICAL CENTER,1431 SW FIRST AVE,OCALA,Acute Care Hospitals,Proprietary
GEORGETOWN UNIVERSITY HOSPITAL,3800 RESERVOIR RD,WASHINGTON,Acute Care Hospitals,Government - Hospital District or Authority
SIBLEY MEMORIAL HOSPITAL,5255 LOUGHBORO RD NW,WASHINGTON,Acute Care Hospitals,Voluntary non-profit - Other
WASHINGTON HOSPITAL CENTER,110 IRVING ST NW,WASHINGTON,Acute Care Hospitals,Voluntary non-profit - Other
WASHINGTON DC VA MEDICAL CENTER,50 IRVING STREET N.W.,WASHINGTON,Acute Care - VA Medical Center,Government Federal
SHANDS JACKSONVILLE,655 W 8TH ST,JACKSONVILLE,Acute Care Hospitals,Voluntary non-profit - Private
CHILDREN'S HOSPITAL NMC,111 MICHIGAN AVE NW,WASHINGTON,Childrens,Voluntary non-profit - Private
BETHESDA MEMORIAL HOSPITAL,2815 SOUTH SEACREST BLVD,BOYNTON BEACH,Acute Care Hospitals,Voluntary non-profit - Private
ORLANDO REGIONAL HEALTHCARE,1414 S KUHL AVE,ORLANDO,Acute Care Hospitals,Voluntary non-profit - Private
FLORIDA HOSPITAL,601 E ROLLINS ST,ORLANDO,Acute Care Hospitals,Voluntary non-profit - Private
BAPTIST HOSPITAL OF MIAMI INC,8900 N KENDALL DR,MIAMI,Acute Care Hospitals,Voluntary non-profit - Private
UNIVERSITY OF MIAMI HOSPITAL,1400 NW 12TH AVE,MIAMI,Acute Care Hospitals,Proprietary
LEE MEMORIAL HOSPITAL,2776 CLEVELAND AVE,FORT MYERS,Acute Care Hospitals,Government - Hospital District or Authority
BERT FISH MEDICAL CENTER,401 PALMETTO ST,NEW SMYRNA BEACH,Acute Care Hospitals,Voluntary non-profit - Private
HALIFAX HEALTH MEDICAL CENTER,303 N CLYDE MORRIS BOULEVARD,DAYTONA BEACH,Acute Care Hospitals,Government - Hospital District or Authority
CITRUS MEMORIAL HOSPITAL,502 W HIGHLAND BLVD,INVERNESS,Acute Care Hospitals,Government - Hospital District or Authority
JACKSON HEALTH SYSTEM,1611 NW 12 AVE,MIAMI,Acute Care Hospitals,Government - Hospital District or Authority
SACRED HEART HOSPITAL,5151 N 9TH AVE,PENSACOLA,Acute Care Hospitals,Voluntary non-profit - Other
BAY MEDICAL CENTER,615 N BONITA AVE,PANAMA CITY,Acute Care Hospitals,Government - Hospital District or Authority
PARRISH MEDICAL CENTER,951 N WASHINGTON AVE,TITUSVILLE,Acute Care Hospitals,Government - Hospital District or Authority
NORTH SHORE MEDICAL CENTER,1100 NW 95TH ST,MIAMI,Acute Care Hospitals,Proprietary
BAYFRONT MEDICAL CENTER INC,701 6TH ST S,SAINT PETERSBURG,Acute Care Hospitals,Voluntary non-profit - Private
MANATEE MEMORIAL HOSPITAL,206 2ND ST E,BRADENTON,Acute Care Hospitals,Voluntary non-profit - Private
MEMORIAL REGIONAL HOSPITAL,3501 JOHNSON ST,LOS ANGELES,Acute Care Hospitals,Government - Hospital District or Authority
HELEN ELLIS MEMORIAL HOSPITAL,1395 S PINELLAS AVE,TARPON SPRINGS,Acute Care Hospitals,Voluntary non-profit - Other
ST VINCENT'S MEDICAL CENTER,1800 BARRS ST,JACKSONVILLE,Acute Care Hospitals,Voluntary non-profit - Church
FLORIDA HOSPITAL WATERMAN,1000 WATERMAN WAY,TAVARES,Acute Care Hospitals,Voluntary non-profit - Private
METROPOLITAN HOSPITAL OF MIAMI,5959 NW 7TH ST,MIAMI,Acute Care Hospitals,Voluntary non-profit - Private
PEACE RIVER REGIONAL MEDICAL CENTER,2500 HARBOR BLVD,PORT CHARLOTTE,Acute Care Hospitals,Proprietary
SOUTH MIAMI HOSPITAL,6200 SW 73RD ST,MIAMI,Acute Care Hospitals,Voluntary non-profit - Private
LAKE CITY MEDICAL CENTER,340 NW COMMERCE DRIVE,LAKE CITY,Acute Care Hospitals,Proprietary
SEBASTIAN RIVER MEDICAL CENTER,13695 U S HIGHWAY 1,SEBASTIAN,Acute Care Hospitals,Proprietary
GULF COAST MEDICAL CENTER LEE MEM HEALTH SYSTEM,13681 DOCTOR'S WAY,FORT MYERS,Acute Care Hospitals,Government - Hospital District or Authority
ST LUCIE MEDICAL CENTER,1800 SE TIFFANY AVENUE,PORT SAINT LUCIE,Acute Care Hospitals,Proprietary
NORTHSIDE HOSPITAL FORSYTH,1200 NORTHSIDE FORSYTH DRIVE,CUMMING,Acute Care Hospitals,Voluntary non-profit - Private
ST MARY'S HOSPITAL,1230 BAXTER STREET,ATHENS,Acute Care Hospitals,Voluntary non-profit - Church
ATHENS REGIONAL MEDICAL CENTER,1199 PRINCE AVENUE,ATHENS,Acute Care Hospitals,Voluntary non-profit - Other
EAST GEORGIA REGIONAL MEDICAL CENTER,1499 FAIR ROAD,STATESBORO,Acute Care Hospitals,Proprietary
MEASE HOSPITAL- DUNEDIN,601 MAIN STREET,DUNEDIN,Acute Care Hospitals,Government - Local
MARTIN MEMORIAL MEDICAL CENTER,200 SE HOSPITAL AVE,STUART,Acute Care Hospitals,Voluntary non-profit - Private
HIALEAH HOSPITAL,651 E 25TH ST,HIALEAH,Acute Care Hospitals,Proprietary
FLORIDA HOSPITAL DELAND,701 W PLYMOUTH AVE,DELAND,Acute Care Hospitals,Voluntary non-profit - Private
FLORIDA HOSPITAL ZEPHYRHILLS,7050 GALL BLVD,ZEPHYRHILLS,Acute Care Hospitals,Voluntary non-profit - Church
CHARLOTTE REGIONAL MEDICAL CENTER,809 E MARION AVE,PUNTA GORDA,Acute Care Hospitals,Proprietary
JAY HOSPITAL,14114 ALABAMA ST,JAY,Acute Care Hospitals,Voluntary non-profit - Private
HIGHLANDS REGIONAL MEDICAL CENTER,3600 S HIGHLANDS AVE,SEBRING,Acute Care Hospitals,Proprietary
PALM SPRINGS GENERAL HOSPITAL,1475 W 49TH ST,HIALEAH,Acute Care Hospitals,Voluntary non-profit - Private
SOUTH LAKE HOSPITAL,1099 CITRUS TOWER BLVD,CLERMONT,Acute Care Hospitals,Government - Hospital District or Authority
WINTER HAVEN HOSPITAL,200 AVENUE F NE,WINTER HAVEN,Acute Care Hospitals,Voluntary non-profit - Private
MERCY HOSPITAL INC,3663 S MIAMI AVE,MIAMI,Acute Care Hospitals,Voluntary non-profit - Church
MUNROE REGIONAL MEDICAL CENTER,1500 SW FIRST AVE,OCALA,Acute Care Hospitals,Government - Hospital District or Authority
MORTON PLANT NORTH BAY HOSPITAL,6600 MADISON STREET,NEW PORT RICHEY,Acute Care Hospitals,Voluntary non-profit - Private
ST ANTHONY'S HOSPITAL,1200 7TH AVENUE NORTH,SAINT PETERSBURG,Acute Care Hospitals,Voluntary non-profit - Church
FLORIDA HOSPITAL MEMORIAL MED CTR,301 MEMORIAL MEDICAL PARKWAY,DAYTONA BEACH,Acute Care Hospitals,Voluntary non-profit - Private
UNIVERSITY COMMUNITY HOSPITAL AT CARROLLWOOD,7171 NORTH DALE MABRY,EGYPT LAKE,Acute Care Hospitals,Voluntary non-profit - Private
VENICE REGIONAL MEDICAL CENTER,540 THE RIALTO,VENICE,Acute Care Hospitals,Proprietary
BLAKE MEDICAL CENTER,2020 59TH ST W,BRADENTON,Acute Care Hospitals,Proprietary
BROOKSVILLE REGIONAL HOSPITAL,17240 CORTEZ BOULEVARD,BROOKSVILLE,Acute Care Hospitals,Proprietary
FLORIDA HOSPITAL FISH MEMORIAL,1055 SAXON BLVD,ORANGE CITY,Acute Care Hospitals,Voluntary non-profit - Private
HOLY CROSS HOSPITAL,4725 N FEDERAL HWY,FORT LAUDERDALE,Acute Care Hospitals,Voluntary non-profit - Church
ST JOSEPH'S HOSPITAL,3001 W MARTIN LUTHER KING JR BLVD,TAMPA,Acute Care Hospitals,Voluntary non-profit - Church
JFK MEDICAL CENTER,5301 S CONGRESS AVE,ATLANTIS,Acute Care Hospitals,Proprietary
FLAGLER HOSPITAL,400 HEALTH PARK BLVD,SAINT AUGUSTINE,Acute Care Hospitals,Voluntary non-profit - Private
HEALTHMARK REGIONAL MEDICAL CENTER,4413 US HWY 331 S,DEFUNIAK SPRINGS,Acute Care Hospitals,Proprietary
BAPTIST MEDICAL CENTER,800 PRUDENTIAL DR,JACKSONVILLE,Acute Care Hospitals,Voluntary non-profit - Private
LEESBURG REGIONAL MEDICAL CENTER,600 E DIXIE AVENUE,LEESBURG,Acute Care Hospitals,Voluntary non-profit - Private
NORTH BROWARD MEDICAL CENTER,201 E SAMPLE RD,POMPANO BEACH,Acute Care Hospitals,Government - Hospital District or Authority
SARASOTA MEMORIAL HOSPITAL,1700 S TAMIAMI TRAIL,SARASOTA,Acute Care Hospitals,Government - Hospital District or Authority
WUESTHOFF MEDICAL CENTER  ROCKLEDGE,110 LONGWOOD AVE,ROCKLEDGE,Acute Care Hospitals,Voluntary non-profit - Private
BAPTIST HOSPITAL,1000 WEST MORENO STREET,PENSACOLA,Acute Care Hospitals,Voluntary non-profit - Private
BAY PINES VA MEDICAL CENTER,10000 BAY PINES BLVD.,BAY PINES,Acute Care - VA Medical Center,Government Federal
SHANDS AT LAKE SHORE,368 NE FRANKLIN STREET,LAKE CITY,Acute Care Hospitals,Voluntary non-profit - Private
INDIAN RIVER MEMORIAL HOSPITAL INC,1000 36TH ST,VERO BEACH,Acute Care Hospitals,Government - Hospital District or Authority
DOCTOR'S MEMORIAL HOSPITAL,333 NORTH BYRON BUTLER PARKWAY,PERRY,Acute Care Hospitals,Voluntary non-profit - Private
FLORIDA HOSPITAL HEARTLAND MEDICAL CENTER,4200 SUN N' LAKE BLVD,SEBRING,Acute Care Hospitals,Voluntary non-profit - Church
OSCEOLA REGIONAL MEDICAL CENTER,700 WEST OAK STREET,KISSIMMEE,Acute Care Hospitals,Proprietary
SHANDS HOSP AT THE UNIVERSITY OF FL,1600 SW ARCHER ROAD,GAINESVILLE,Acute Care Hospitals,Voluntary non-profit - Private
ROCKDALE MEDICAL CENTER,1412 MILSTEAD AVENUE NE,CONYERS,Acute Care Hospitals,Proprietary
BAPTIST MEDICAL CENTER  BEACHES,1350 13TH AVE SOUTH,JACKSONVILLE BEACH,Acute Care Hospitals,Voluntary non-profit - Other
FLORIDA HOSPITAL  FLAGLER,60 MEMORIAL MEDICAL PARKWAY,PALM COAST,Acute Care Hospitals,Voluntary non-profit - Private
BARTOW REGIONAL MEDICAL CENTER,2200 OSPREY BLVD,BARTOW,Acute Care Hospitals,Voluntary non-profit - Private
NORTH OKALOOSA MEDICAL CENTER,151 REDSTONE AVE SE,CRESTVIEW,Acute Care Hospitals,Voluntary non-profit - Private
SANTA ROSA MEDICAL CENTER,6002 BERRYHILL RD,MILTON,Acute Care Hospitals,Proprietary
HOMESTEAD HOSPITAL,975 BAPTIST WAY,HOMESTEAD,Acute Care Hospitals,Voluntary non-profit - Private
PALMS OF PASADENA HOSPITAL,1501 PASADENA AVE SOUTH,SAINT PETERSBURG,Acute Care Hospitals,Proprietary
LAKESIDE MEDICAL CENTER,39200 HOOKER HIGHWAY,BELLE GLADE,Acute Care Hospitals,Government - Local
MORTON PLANT HOSPITAL,300 PINELLAS ST,CLEARWATER,Acute Care Hospitals,Voluntary non-profit - Private
AVENTURA HOSPITAL & MEDICAL CENTER,20900 BISCAYNE BLVD,AVENTURA,Acute Care Hospitals,Voluntary non-profit - Private
TAMPA GENERAL HOSPITAL,1 TAMPA GENERAL CIRCLE,TAMPA,Acute Care Hospitals,Voluntary non-profit - Private
SOUTH FLORIDA BAPTIST HOSPITAL,301 N ALEXANDER ST,PLANT CITY,Acute Care Hospitals,Voluntary non-profit - Private
TALLAHASSEE MEMORIAL HEALTHCARE,1300 MICCOSUKEE RD,TALLAHASSEE,Acute Care Hospitals,Voluntary non-profit - Private
BAPTIST MEDICAL CENTER  NASSAU,1250 S 18TH ST,FERNANDINA BEACH,Acute Care Hospitals,Government - Local
HEART OF FLORIDA REGIONAL MEDICAL CENTER,40100 HWY 27,DAVENPORT,Acute Care Hospitals,Proprietary
NATURE COAST REGIONAL HOSPITAL,125 SW 7TH ST,WILLISTON,Acute Care Hospitals,Proprietary
JACKSON HOSPITAL,4250 HOSPITAL DRIVE,MARIANNA,Acute Care Hospitals,Government - Hospital District or Authority
LOWER KEYS MEDICAL CENTER,5900 COLLEGE ROAD,KEY WEST,Acute Care Hospitals,Proprietary
MAYO CLINIC,4500 SAN PABLO ROAD,JACKSONVILLE,Acute Care Hospitals,Voluntary non-profit - Private
LAKELAND REGIONAL MEDICAL CENTER,1324 LAKELAND HILLS BLVD,LAKELAND,Acute Care Hospitals,Voluntary non-profit - Other
MARINERS HOSPITAL,91500 OVERSEAS HIGHWAY,TAVERNIER,Acute Care Hospitals,Voluntary non-profit - Private
CENTRAL FLORIDA REGIONAL HOSPITAL,1401 W SEMINOLE BLVD,SANFORD,Acute Care Hospitals,Proprietary
DOCTORS HOSPITAL OF SARASOTA,5731 BEE RIDGE ROAD,SARASOTA,Acute Care Hospitals,Proprietary
BOCA RATON COMMUNITY HOSPITAL INC,800 MEADOWS RD,BOCA RATON,Acute Care Hospitals,Voluntary non-profit - Private
UNIVERSITY COMMUNITY HOSPITAL,3100 E FLETCHER AVE,TAMPA,Acute Care Hospitals,Voluntary non-profit - Private
ST PETERSBURG GENERAL HOSPITAL,6500 38TH AVE N,SAINT PETERSBURG,Acute Care Hospitals,Proprietary
DESOTO MEMORIAL HOSPITAL,900 N ROBERTS AVE,ARCADIA,Acute Care Hospitals,Voluntary non-profit - Private
UNIVERSITY HOSPITAL & MEDICAL CENTER,7201 N UNIVERSITY DR,TAMARAC,Acute Care Hospitals,Proprietary
PALM BEACH GARDENS MEDICAL CENTER,3360 BURNS RD,WEST PALM BEACH,Acute Care Hospitals,Proprietary
CAPE CANAVERAL HOSPITAL,701 W COCOA BEACH CAUSEWAY,COCOA BEACH,Acute Care Hospitals,Voluntary non-profit - Private
MEMORIAL HOSPITAL JACKSONVILLE,3625 UNIVERSITY BLVD SOUTH,JACKSONVILLE,Acute Care Hospitals,Voluntary non-profit - Private
LARKIN COMMUNITY HOSPITAL,7031 SW 62ND AVE,MIAMI,Acute Care Hospitals,Proprietary
NORTHWEST MEDICAL CENTER,2801 N STATE RD 7,MARGATE,Acute Care Hospitals,Proprietary
NORTH FLORIDA REGIONAL MEDICAL CENTER,6500 NEWBERRY ROAD,GAINESVILLE,Acute Care Hospitals,Proprietary
COMMUNITY HOSPITAL,5637 MARINE PKWY,NEW PORT RICHEY,Acute Care Hospitals,Proprietary
IMPERIAL POINT MEDICAL CENTER,6401 NORTH FEDERAL HIGHWAY,FORT LAUDERDALE,Acute Care Hospitals,Government - Hospital District or Authority
MEMORIAL HOSPITAL OF TAMPA,2901 SWANN AVE,TAMPA,Acute Care Hospitals,Proprietary
FORT WALTON BEACH MEDICAL CENTER,1000 MAR WALT DR,FT WALTON BEACH,Acute Care Hospitals,Proprietary
KENDALL MEDICAL CENTER,11750 BIRD ROAD,MIAMI,Acute Care Hospitals,Proprietary
PASCO REGIONAL MEDICAL CENTER,13100 FT KING ROAD,DADE CITY,Acute Care Hospitals,Proprietary
ORANGE PARK MEDICAL CENTER INC,2001 KINGSLEY AVE,ORANGE PARK,Acute Care Hospitals,Proprietary
WESTSIDE REGIONAL MEDICAL CENTER,8201 W BROWARD BLVD,PLANTATION,Acute Care Hospitals,Proprietary
MEMORIAL HOSPITAL PEMBROKE,7800 SHERIDAN STREET,PEMBROKE PINES,Acute Care Hospitals,Government - Hospital District or Authority
WEST FLORIDA HOSPITAL,8383 N DAVIS HIGHWAY,PENSACOLA,Acute Care Hospitals,Proprietary
PUTNAM COMMUNITY MEDICAL CENTER,611 ZEAGLER DRIVE,PALATKA,Acute Care Hospitals,Proprietary
COLUMBIA HOSPITAL,2201 45TH ST,WEST PALM BEACH,Acute Care Hospitals,Proprietary
NORTHSIDE HOSPITAL,6000 49TH STREET N,SAINT PETERSBURG,Acute Care Hospitals,Voluntary non-profit - Private
FAWCETT MEMORIAL HOSPITAL,21298 NW OLEAN BLVD,PORT CHARLOTTE,Acute Care Hospitals,Proprietary
EDWARD WHITE HOSPITAL,2323 9TH AVE N,SAINT PETERSBURG,Acute Care Hospitals,Proprietary
ANNE BATES LEACH EYE HOSPITAL,900 NW 17TH ST,MIAMI,Acute Care Hospitals,Voluntary non-profit - Other
GULF COAST MEDICAL CENTER,449 W 23RD ST,PANAMA CITY,Acute Care Hospitals,Proprietary
BRANDON REGIONAL HOSPITAL,119 OAKFIELD DR,BRANDON,Acute Care Hospitals,Proprietary
LAWNWOOD REGIONAL MEDICAL CENTER,1700 S 23RD STREET,FORT PIERCE,Acute Care Hospitals,Proprietary
LARGO MEDICAL CENTER,201 14TH ST SW,LARGO,Acute Care Hospitals,Proprietary
SEVEN RIVERS REGIONAL MEDICAL CENTER,6201 N SUNCOAST BLVD,CRYSTAL RIVER,Acute Care Hospitals,Proprietary
RAULERSON HOSPITAL,1796 HIGHWAY 441 N,OKEECHOBEE,Acute Care Hospitals,Proprietary
JUPITER MEDICAL CENTER,1210 S OLD DIXIE HIGHWAY,JUPITER,Acute Care Hospitals,Voluntary non-profit - Private
CAPITAL REGIONAL MEDICAL CENTER,2626 CAPITAL MEDICAL BLVD,TALLAHASSEE,Acute Care Hospitals,Proprietary
TOWN & COUNTRY HOSPITAL,6001 WEBB RD,TAMPA,Acute Care Hospitals,Proprietary
WUESTHOFF MEDICAL CENTER - MELBOURNE,250 NORTH WICKHAM ROAD,MELBOURNE,Acute Care Hospitals,Voluntary non-profit - Private
REGIONAL MEDICAL CENTER BAYONET POINT,14000 FIVAY ROAD,HUDSON,Acute Care Hospitals,Proprietary
DELRAY MEDICAL CENTER,5352 LINTON BLVD,DELRAY BEACH,Acute Care Hospitals,Proprietary
SOUTH BAY HOSPITAL,4016 STATE ROAD 674,SUN CITY CENTER,Acute Care Hospitals,Voluntary non-profit - Other
LAKEWOOD RANCH MEDICAL CENTER,8330 LAKEWOOD RANCH BOULEVARD,BRADENTON,Acute Care Hospitals,Proprietary
MEASE HOSPITAL - COUNTRYSIDE,3231 MCMULLEN BOOTH RD,SAFETY HARBOR,Acute Care Hospitals,Voluntary non-profit - Private
GULF BREEZE HOSPITAL,1110 GULF BREEZE PARKWAY,GULF BREEZE,Acute Care Hospitals,Voluntary non-profit - Private
BERRIEN COUNTY HOSPITAL,1221 EAST MCPHERSON STREET,NASHVILLE,Acute Care Hospitals,Proprietary
ENGLEWOOD COMMUNITY HOSPITAL,700 MEDICAL BLVD,ENGLEWOOD,Acute Care Hospitals,Proprietary
WEST BOCA MEDICAL CENTER,21644 STATE RD 7,BOCA RATON,Acute Care Hospitals,Proprietary
WELLINGTON REGIONAL MEDICAL CENTER,10101 FOREST HILL BLVD,WELLINGTON,Acute Care Hospitals,Proprietary
CORAL SPRINGS MEDICAL CENTER,3000 CORAL HILLS DRIVE,CORAL SPRINGS,Acute Care Hospitals,Government - Hospital District or Authority
DOUGLAS GARDENS HOSPITAL,5200 NE 2ND AVE,MIAMI,Acute Care Hospitals,Voluntary non-profit - Private
MEMORIAL HOSPITAL WEST,703 N FLAMINGO ROAD,PEMBROKE PINES,Acute Care Hospitals,Government - Hospital District or Authority
WESTCHESTER GENERAL HOSPITAL,2500 SW 75TH AVENUE,MIAMI,Acute Care Hospitals,Proprietary
PHYSICIANS REGIONAL MEDICAL CENTER - PINE RIDGE,6101 PINE RIDGE ROAD,NAPLES,Acute Care Hospitals,Proprietary
MEMORIAL HOSPITAL MIRAMAR,1901 SW 172ND AVENUE,MIRAMAR,Acute Care Hospitals,Voluntary non-profit - Other
GOOD SAMARITAN MEDICAL CENTER,1309 N FLAGLER DR,WEST PALM BEACH,Acute Care Hospitals,Proprietary
ST MARY'S MEDICAL CENTER,901 45TH STREET,WEST PALM BEACH,Acute Care Hospitals,Proprietary
VILLAGES REGIONAL HOSPITAL THE,1451 EL CAMINO REAL,THE VILLAGES,Acute Care Hospitals,Voluntary non-profit - Private
CLEVELAND CLINIC FLORIDA HEALTH SYSTEM NONPROFIT C,3100 WESTON ROAD,WESTON,Acute Care Hospitals,Proprietary
SACRED HEART HOSPITAL ON THE EMERALD COAST,7800 US HWY 98 WEST,MIRAMAR BEACH,Acute Care Hospitals,Voluntary non-profit - Other
DOCTORS HOSPITAL,5000 UNIVERSITY DRIVE,CORAL GABLES,Acute Care Hospitals,Voluntary non-profit - Other
ST CLOUD REGIONAL MEDICAL CENTER,2906 17TH STREET,SAINT CLOUD,Acute Care Hospitals,Proprietary
ST LUKE'S HOSPITAL,4201 BELFORT ROAD,JACKSONVILLE,Acute Care Hospitals,Voluntary non-profit - Private
TAMPA VA MEDICAL CENTER,13000 BRUCE B DOWNS BLVD.,TAMPA,Acute Care - VA Medical Center,Government Federal
VA NORTH FLORIDA/SOUTH GEORGIA HEALTHCARE SY,1601 S W ARCHER ROAD,GAINESVILLE,Acute Care - VA Medical Center,Government Federal
